Spotify URI,Voter ID,Created,Points Assigned,Comment,Round ID
spotify:track:0dv1w0npDQliBX9HSVT3hg,c2908202c05c4119b9af99d832f55b9b,2026-06-04T18:04:06Z,-1,"While I certainly like the retro stylings of Iceage the country beat of this one does not suit the lyrics, perhaps a bit too Dylan for me.",3da19f637b3e4d3e93a868b44102e4ae
spotify:track:0k9JIBszlCqCa4SpXI353F,c2908202c05c4119b9af99d832f55b9b,2026-06-04T18:04:06Z,-2,I greatly appreciate the brevity.,3da19f637b3e4d3e93a868b44102e4ae
spotify:track:0R0jrqAOaFtDSDSaUEvpN2,c2908202c05c4119b9af99d832f55b9b,2026-06-04T18:04:06Z,1,thank you for avoiding the 21st century with this selection!,3da19f637b3e4d3e93a868b44102e4ae
spotify:track:0rY4LJe7trV2DaNuD5pwjG,c2908202c05c4119b9af99d832f55b9b,2026-06-04T18:04:06Z,0,This song reminds me that I used to be part of a Mark Eitzel e-mail list and at the end of the year people would vote on their favorite albums and I'd make a mix cassette of songs from the top picks and half of it would be sad stuff like this.  I'll stick with Richard Hawley.,3da19f637b3e4d3e93a868b44102e4ae
spotify:track:0Xv42V70k6KSOxHCaW0QWF,c2908202c05c4119b9af99d832f55b9b,2026-06-04T18:04:06Z,0,"Tanya Donelly does live near the post office, but instead of sifting through her solo stuff I just went one town over.  We saw him once at a restaurant that clears out the tables and puts up a makeshift stage for shows at night and we were the last ones eating so we found ourselves in the middle of a gaggle of patrons waiting for us to finish/the show to begin.  Oh yeah, and I'm a sucker for songs where the lyrics in the chorus change each time around.",3da19f637b3e4d3e93a868b44102e4ae
spotify:track:1Hv1VTm8zeOeybub15mA2R,c2908202c05c4119b9af99d832f55b9b,2026-06-04T18:04:06Z,3,As I continue to age the thought of hearing a great song over and over and over again excites me much more than it used to.,3da19f637b3e4d3e93a868b44102e4ae
spotify:track:1YzNHqhyj7j8A0CL30lUgd,c2908202c05c4119b9af99d832f55b9b,2026-06-04T18:04:06Z,1,I wouldn't have taken the assignment so literally.  It made me think of Suicide.,3da19f637b3e4d3e93a868b44102e4ae
spotify:track:2b3zAIU06DRxvl7PehalzZ,c2908202c05c4119b9af99d832f55b9b,2026-06-04T18:04:06Z,0,At least you're well acquainted with the concept of doing the best with what you got.  (I would have cheated),3da19f637b3e4d3e93a868b44102e4ae
spotify:track:43TN8zLpTz75TIvWSZ6cr3,c2908202c05c4119b9af99d832f55b9b,2026-06-04T18:04:06Z,6,"This exact song was on my Favorites of 2024 backup mix.  Unfortunately they had to cancel their tour date here, would have loved to see them perform this live.  This is my gold medal winner.",3da19f637b3e4d3e93a868b44102e4ae
spotify:track:4vTF6h1NrPvRtrOCZQJzKw,c2908202c05c4119b9af99d832f55b9b,2026-06-04T18:04:06Z,2,"This sparse art-punk sound was a very specific British thing from 78-81, it's very rare to hear it migrate outside the UK.",3da19f637b3e4d3e93a868b44102e4ae
spotify:track:5BAJDNTutBFJL27pKunac1,c2908202c05c4119b9af99d832f55b9b,2026-06-04T18:04:06Z,3,"The Chromatics are the pinnacle of this type of dreamy new wave retro sound, and it gets an extra point for being a remix I've never heard before.",3da19f637b3e4d3e93a868b44102e4ae
spotify:track:5sJiLlgQKBL81QCTOkoLB5,c2908202c05c4119b9af99d832f55b9b,2026-06-04T18:04:06Z,2,(checks notes) I've never played this one on my show.  Well that's about to change!,3da19f637b3e4d3e93a868b44102e4ae
spotify:track:5UIRG5DrJ3bjOo0RpjEZyI,c2908202c05c4119b9af99d832f55b9b,2026-06-04T18:04:06Z,0,Bang On A Can do a festival around here every year and while I do appreciate the effort and execution I also studiously avoid the event.,3da19f637b3e4d3e93a868b44102e4ae
spotify:track:6CGk7ABnnWh2dHlT59R255,c2908202c05c4119b9af99d832f55b9b,2026-06-04T18:04:06Z,0,"I have this on vinyl.  No, I'm not trying to impress you.",3da19f637b3e4d3e93a868b44102e4ae
spotify:track:71b4qdVOOUJoWG5ey7DOsp,c2908202c05c4119b9af99d832f55b9b,2026-06-04T18:04:06Z,-2,I'll take your word for it that they're best experienced live.  I tend to think most of the recent bands who remind me of The Fall are actually much better than The Fall.  This isn't one of them.,3da19f637b3e4d3e93a868b44102e4ae
spotify:track:75GQIYnRaBg7ndHxhfYuQy,c2908202c05c4119b9af99d832f55b9b,2026-06-04T18:04:06Z,5,My favorite thing about the Raspberries is how quickly they dispense with the verse to get to the chorus because they know that's what you're craving.  This is an excellent example of that predilection.  The silver medal winner for me.,3da19f637b3e4d3e93a868b44102e4ae
spotify:track:7F6UQyVvrmYAVyxxUF2MhT,c2908202c05c4119b9af99d832f55b9b,2026-06-04T18:04:06Z,1,"I keep trying to trace that lilt in her vocal execution to an late 80's / early 90's parallel.  Voice of the Beehive?  Man, it's so familiar.  Katydids?  It'll hit me eventually.  Downy Mildew!?  Needs to be at least a minute shorter, regardless.",3da19f637b3e4d3e93a868b44102e4ae
spotify:track:7vJSMyOOtIYC1KpeyRNxgt,c2908202c05c4119b9af99d832f55b9b,2026-06-04T18:04:06Z,4,"(checks notes) Well, I have played this one on my show.  But it's been a goddamn long time.  I feel shame!  The bronze medal winner this week.  Thanks for the reminder.",3da19f637b3e4d3e93a868b44102e4ae
spotify:track:0970yaWdsPnVWn8Ej9qfy2,c2908202c05c4119b9af99d832f55b9b,2026-06-04T18:04:06Z,3,"Well, it's certainly Adrian Crowley.  And the strings are a gorgeous touch, very authentically 1970 and certainly elevate this one.",3da19f637b3e4d3e93a868b44102e4ae
spotify:track:7wbdd3b6ZrJllGZuRJtNGV,c2908202c05c4119b9af99d832f55b9b,2026-06-04T18:04:06Z,4," I do enjoy these early melding of electronics and disco, the Euro stuff rarely made it over here to the US and I'm a sucker for anything that sounds like it comes from a Disco Discharge compilation. There's a Massara track I'm particularly obsessed with, and while this doesn't approach the cheese level of that artist the restrained moans are much appreciated.",3da19f637b3e4d3e93a868b44102e4ae
spotify:track:0970yaWdsPnVWn8Ej9qfy2,d0b05394a4f7482b95d5e0aeecbaa33a,2026-06-04T18:38:03Z,3,Actually no sir I will not be downvoting this! Don’t tell me what to do. ,3da19f637b3e4d3e93a868b44102e4ae
spotify:track:0dv1w0npDQliBX9HSVT3hg,d0b05394a4f7482b95d5e0aeecbaa33a,2026-06-04T18:38:03Z,4,Super catchy! Really enjoyed this.,3da19f637b3e4d3e93a868b44102e4ae
spotify:track:0k9JIBszlCqCa4SpXI353F,d0b05394a4f7482b95d5e0aeecbaa33a,2026-06-04T18:38:03Z,-1,This sounds like Perry Farrell reincarnated. Yes I am aware he’s not deceased. ,3da19f637b3e4d3e93a868b44102e4ae
spotify:track:0R0jrqAOaFtDSDSaUEvpN2,d0b05394a4f7482b95d5e0aeecbaa33a,2026-06-04T18:38:03Z,2,I found this to be a refreshing change of pace for my American ears. ,3da19f637b3e4d3e93a868b44102e4ae
spotify:track:0rY4LJe7trV2DaNuD5pwjG,d0b05394a4f7482b95d5e0aeecbaa33a,2026-06-04T18:38:03Z,2,"This, and the grief in your blurb hit me right in the feels.",3da19f637b3e4d3e93a868b44102e4ae
spotify:track:0Xv42V70k6KSOxHCaW0QWF,d0b05394a4f7482b95d5e0aeecbaa33a,2026-06-04T18:38:03Z,2,"Solid, admittedly, I keep getting the bum bum bum part stuck in my head. ",3da19f637b3e4d3e93a868b44102e4ae
spotify:track:1Hv1VTm8zeOeybub15mA2R,d0b05394a4f7482b95d5e0aeecbaa33a,2026-06-04T18:38:03Z,-2,"No town listed (leaves me wondering if it’s somewhere in Essex or London, though) and it’s a song I’ve heard a million times",3da19f637b3e4d3e93a868b44102e4ae
spotify:track:1YzNHqhyj7j8A0CL30lUgd,d0b05394a4f7482b95d5e0aeecbaa33a,2026-06-04T18:38:03Z,3,"I’m really hit or miss with this scene, but this one is doing something for me.",3da19f637b3e4d3e93a868b44102e4ae
spotify:track:2b3zAIU06DRxvl7PehalzZ,d0b05394a4f7482b95d5e0aeecbaa33a,2026-06-04T18:38:03Z,3,I particularly enjoyed how different this song felt from the rest of the list.,3da19f637b3e4d3e93a868b44102e4ae
spotify:track:43TN8zLpTz75TIvWSZ6cr3,d0b05394a4f7482b95d5e0aeecbaa33a,2026-06-04T18:38:03Z,2,"This is my thing, but it sounds like so much I’ve heard before too. Hmmm. ",3da19f637b3e4d3e93a868b44102e4ae
spotify:track:4vTF6h1NrPvRtrOCZQJzKw,d0b05394a4f7482b95d5e0aeecbaa33a,2026-06-04T18:38:03Z,2,Listening to this feels like postpunk gained a corporeal form and smacked me right in the face. ,3da19f637b3e4d3e93a868b44102e4ae
spotify:track:5BAJDNTutBFJL27pKunac1,d0b05394a4f7482b95d5e0aeecbaa33a,2026-06-04T18:38:03Z,3,I’d hire you to make more Portland sample plates (sonic charcuterie??). I really like this. ,3da19f637b3e4d3e93a868b44102e4ae
spotify:track:5sJiLlgQKBL81QCTOkoLB5,d0b05394a4f7482b95d5e0aeecbaa33a,2026-06-04T18:38:03Z,2,"I like some of the spawn of this, not crazy about early EDM but liked this enough to credit w/a few points due to their historical importance.",3da19f637b3e4d3e93a868b44102e4ae
spotify:track:5UIRG5DrJ3bjOo0RpjEZyI,d0b05394a4f7482b95d5e0aeecbaa33a,2026-06-04T18:38:03Z,2,"Hah! Nice, interesting band name too.",3da19f637b3e4d3e93a868b44102e4ae
spotify:track:6CGk7ABnnWh2dHlT59R255,d0b05394a4f7482b95d5e0aeecbaa33a,2026-06-04T18:38:03Z,-1,"Huh, what’s in the water? ",3da19f637b3e4d3e93a868b44102e4ae
spotify:track:71b4qdVOOUJoWG5ey7DOsp,d0b05394a4f7482b95d5e0aeecbaa33a,2026-06-04T18:38:03Z,-1,"This guy was in Portugal The Man?!? Wow, that feels like a totally different planet of a genre compared to this. I feel like this is a bit too brute force for me. I think I’m softening with age.",3da19f637b3e4d3e93a868b44102e4ae
spotify:track:75GQIYnRaBg7ndHxhfYuQy,d0b05394a4f7482b95d5e0aeecbaa33a,2026-06-04T18:38:03Z,1,"I feel like this is something I heard late at night on Chicago classic rock radio, esp with the Midwest connection. Like if The Who and The Beach Boys had a baby.",3da19f637b3e4d3e93a868b44102e4ae
spotify:track:7vJSMyOOtIYC1KpeyRNxgt,d0b05394a4f7482b95d5e0aeecbaa33a,2026-06-04T18:38:03Z,2,Liking this song is proof that you’ve all been an influence on me and why people keep asking me why I have the taste of a Gen X man.,3da19f637b3e4d3e93a868b44102e4ae
spotify:track:7wbdd3b6ZrJllGZuRJtNGV,d0b05394a4f7482b95d5e0aeecbaa33a,2026-06-04T18:38:03Z,2,"I have no preconceived notions about this man, but I like this in the sense that I am entertained and also amused. Also, that’s a very interesting name for a song. ",3da19f637b3e4d3e93a868b44102e4ae
spotify:track:0970yaWdsPnVWn8Ej9qfy2,2841805d6e4f44b1814aa495dc2150c1,2026-06-05T18:27:05Z,2,"Weirdly, my Spotify brings up Rick Redbeard's No Selfish Heart's album cover instead of the above thumbnail.  It's an omen, but I don't know of what. Anyhoo, lovely song.  Bit of Bill Callahan to my ears, always welcome.  ",3da19f637b3e4d3e93a868b44102e4ae
spotify:track:0dv1w0npDQliBX9HSVT3hg,2841805d6e4f44b1814aa495dc2150c1,2026-06-05T18:27:05Z,2,"I know Iceage, but this is new to me.  Jaunty Father John Misty fun.",3da19f637b3e4d3e93a868b44102e4ae
spotify:track:0k9JIBszlCqCa4SpXI353F,2841805d6e4f44b1814aa495dc2150c1,2026-06-05T18:27:05Z,2,"First heard them here in ML.  The Never Enough album is good.  He has a bit of Perry Ferrell in his voice.  Will they be embraced?  Is this the start of a new era of harder, grittier ML?  I have my doubts. ",3da19f637b3e4d3e93a868b44102e4ae
spotify:track:0R0jrqAOaFtDSDSaUEvpN2,2841805d6e4f44b1814aa495dc2150c1,2026-06-05T18:27:05Z,2,"Appreciate this.  If you branch out in ML and run across world music rounds (i.e. non-U.K./U.S. English bands), there are many treasures to be found.  Music and food are good cultural bridges.",3da19f637b3e4d3e93a868b44102e4ae
spotify:track:0rY4LJe7trV2DaNuD5pwjG,2841805d6e4f44b1814aa495dc2150c1,2026-06-05T18:27:05Z,4,"Clever gameplay of Ben to use this before the 'slow songs' round, which it might have won. I have a song keyed up for that which I worry is too emotionally pandering and obvious.  We shall see.  Maybe I'll rate you all less by then.

This is a brilliant version of an already brilliant song.  My room is suddenly dusty.  When will Paul release a second solo album?  He seems like someone who could ring up any talent he wanted to collaborate.  Weird having Paul McGeechan, Chris Thompson, James Grant, and PJ Moore release all their albums since Mid-Air.",3da19f637b3e4d3e93a868b44102e4ae
spotify:track:0Xv42V70k6KSOxHCaW0QWF,2841805d6e4f44b1814aa495dc2150c1,2026-06-05T18:27:05Z,1,How could Keith not have heard of my Jonathan Richman allergy?  Medical journals have won awards for their studies.  Initial DV spun to a vote for its cheer.,3da19f637b3e4d3e93a868b44102e4ae
spotify:track:1Hv1VTm8zeOeybub15mA2R,2841805d6e4f44b1814aa495dc2150c1,2026-06-05T18:27:05Z,-2,"DVs just for lack of comment, needing to use them up.  Unironic love for her.  Happy to have seen her live and know That Voice is the real thing.  Love this album.  Reminds me of Walla Walla in the summer, when I first heard it.  Would have thought ""Young Lion"" was the precursor to a new album, but see: Paul Buchanan.",3da19f637b3e4d3e93a868b44102e4ae
spotify:track:1YzNHqhyj7j8A0CL30lUgd,2841805d6e4f44b1814aa495dc2150c1,2026-06-05T18:27:05Z,2,"Too easy to aim the DVs at the groupthink outliers.  Sonic Youth is a band I've liked what I've heard, while wanting to own the Steely Dan parody LP t-shirt more than the SY album.  All I need is Kool Thing.  Dear Reader: I played Kool Thing after this song.",3da19f637b3e4d3e93a868b44102e4ae
spotify:track:2b3zAIU06DRxvl7PehalzZ,2841805d6e4f44b1814aa495dc2150c1,2026-06-05T18:27:05Z,0,"Maybe I'll get bonus points for not mentioning Twin Peaks. I do think this is a bit better than it has a right to be, for a band playing in our local coffeeshops and bars. The livelier back half of the song is the payoff.  $5 in the hat would be great, even if you didn't come here to hear the music.  Pony up, pal.",3da19f637b3e4d3e93a868b44102e4ae
spotify:track:43TN8zLpTz75TIvWSZ6cr3,2841805d6e4f44b1814aa495dc2150c1,2026-06-05T18:27:05Z,2,"Spotify's algorithm turned me onto KH many years ago with ""Bill Tench"", and I've Bandcamp'd their albums since.  This was my highlight, too, and in my Speaksinging! folder.",3da19f637b3e4d3e93a868b44102e4ae
spotify:track:4vTF6h1NrPvRtrOCZQJzKw,2841805d6e4f44b1814aa495dc2150c1,2026-06-05T18:27:05Z,-2,"Just browsing the 100s of Melbourne bands on Wiki's list, you had a ton to choose from, for sure.  Guilty DVs for liking other songs on the playlist more.  Nothing in the playlist I dislike, this round.",3da19f637b3e4d3e93a868b44102e4ae
spotify:track:5BAJDNTutBFJL27pKunac1,2841805d6e4f44b1814aa495dc2150c1,2026-06-05T18:27:05Z,2,"I don't know the whole Italians Do It Better story, other than Johnny Jewel seems more than a handful of Artistic Temperament.  Maybe Dear Tommy will be released someday.  Have heard Ruth on a few songs since, so glad her career's continued.  Did not know the band's connections with other bands. https://en.wikipedia.org/wiki/Chromatics_(band)",3da19f637b3e4d3e93a868b44102e4ae
spotify:track:5sJiLlgQKBL81QCTOkoLB5,2841805d6e4f44b1814aa495dc2150c1,2026-06-05T18:27:05Z,3,"Nicely chosen.  I'm sidetracked by the idea of a tedious octopus.  ""Have you seen this tentacle?  How about this one?  This one?  This one? ...""",3da19f637b3e4d3e93a868b44102e4ae
spotify:track:5UIRG5DrJ3bjOo0RpjEZyI,2841805d6e4f44b1814aa495dc2150c1,2026-06-05T18:27:05Z,2,"When I was a kid, my folks were friends with a guy who'd bring his hammer dulcimer over to play.  Good memories.  I was wondering how they'd fill a setlist, and see they've got four albums.  Well done them.",3da19f637b3e4d3e93a868b44102e4ae
spotify:track:6CGk7ABnnWh2dHlT59R255,2841805d6e4f44b1814aa495dc2150c1,2026-06-05T18:27:05Z,-1,"Guilty DV for playlist competition.  Wikipedia says The Bolshoi are from Wiltshire, as are Dave Dee, Dozy, Beaky, Mick & Tich.  Is Wiki wrong?  Say it ain't so!  The ""bands from Wiltshire"" list also includes Jesus Jones, so might be conglomerating.  Is that a verb?  I'm instimigating it if it isn't.",3da19f637b3e4d3e93a868b44102e4ae
spotify:track:71b4qdVOOUJoWG5ey7DOsp,2841805d6e4f44b1814aa495dc2150c1,2026-06-05T18:27:05Z,2,The drumming has the power I wish Matt Tong was wielding in Algiers.  I get this feeling this would be an incredibly different live show than Ex-Easter Island Head.,3da19f637b3e4d3e93a868b44102e4ae
spotify:track:75GQIYnRaBg7ndHxhfYuQy,2841805d6e4f44b1814aa495dc2150c1,2026-06-05T18:27:05Z,1,"James Gunn's musical tastes align with my own, so was un/surprised to hear the difficulty he had with the first Guardians soundtrack, convincing execs that his '70s musical vision wasn't ridiculous.  https://www.yahoo.com/entertainment/music/articles/ridiculous-james-gunn-says-not-230845786.html ",3da19f637b3e4d3e93a868b44102e4ae
spotify:track:7F6UQyVvrmYAVyxxUF2MhT,2841805d6e4f44b1814aa495dc2150c1,2026-06-05T18:27:05Z,2,"Illuminating comment. The Window put them on my radar.  I have this new one waiting for me at the Seattle Library.  I'm old.  Where are my glasses? No more coffee, please.  Keeps me up at night. Also, can I have a to-go container for this sandwich?",3da19f637b3e4d3e93a868b44102e4ae
spotify:track:7vJSMyOOtIYC1KpeyRNxgt,2841805d6e4f44b1814aa495dc2150c1,2026-06-05T18:27:05Z,2,"Thanks to another ML round, I had this song Liked, so someone else out there shares your taste.  Good stuff.  They called themselves The at one time.  AI says no connection to The The, and now I'm feeling guilty for harming the planet.",3da19f637b3e4d3e93a868b44102e4ae
spotify:track:7wbdd3b6ZrJllGZuRJtNGV,2841805d6e4f44b1814aa495dc2150c1,2026-06-05T18:27:05Z,4,"So many associations to mind:  Alex Puddu's Danish p0rn soundtracks, ""FLASH!  Aaaah - ah!"", Ladyhawke and Alan Parsons Project, The Keep and Tangerine Dream, Sylvia and Pillow Talk.  Next to Craig Armstrong, my favorite of the round.  High praise.",3da19f637b3e4d3e93a868b44102e4ae
spotify:track:0970yaWdsPnVWn8Ej9qfy2,f269e66e73e246549e5c314009da035e,2026-06-06T09:10:20Z,4,"Gorgeous. That's the kind of voice I go all dreamy for. Plus swoony strings, come on. No downvotes here. And that unresolved ending is killer.",3da19f637b3e4d3e93a868b44102e4ae
spotify:track:0dv1w0npDQliBX9HSVT3hg,f269e66e73e246549e5c314009da035e,2026-06-06T09:10:20Z,2,"Pleasingly wordy, a tumble of syllables that's a bit Dylanesque. Good title, lyrics, vibes. The help-I'm-down-a-well bits lose me a bit. Weirdly, I just discovered when looking him up that he was supposed to be playing in my city *tonight*, but the tour was cancelled.",3da19f637b3e4d3e93a868b44102e4ae
spotify:track:0k9JIBszlCqCa4SpXI353F,f269e66e73e246549e5c314009da035e,2026-06-06T09:10:20Z,1,"Had me doing the bouncy-feet dance, but it feels pretty generic, and not in my comfort zone genres.",3da19f637b3e4d3e93a868b44102e4ae
spotify:track:0R0jrqAOaFtDSDSaUEvpN2,f269e66e73e246549e5c314009da035e,2026-06-06T09:10:20Z,4,"This pick is my kinda sore-thumb-sticking-out. I have no real knowledge of Arabic music, and am going to crudely lump it all together to say that I invariably enjoy it, and here I love the drama of the vocals, the drums and swirling strings which have a bit of a Bollywood feel. Is this style Khaliji? Weird cross-cultural thought, but... is Ahlam the Emirati Kylie (born only a few months apart, even)? A refreshing blast. ",3da19f637b3e4d3e93a868b44102e4ae
spotify:track:0rY4LJe7trV2DaNuD5pwjG,f269e66e73e246549e5c314009da035e,2026-06-06T09:10:20Z,3,"I haven’t loved TBN as much as a lot of you, but oddly, this version’s working better for me, especially in the context of the heartfelt notes. Friends like that are golden, I’m sorry. ",3da19f637b3e4d3e93a868b44102e4ae
spotify:track:0Xv42V70k6KSOxHCaW0QWF,f269e66e73e246549e5c314009da035e,2026-06-06T09:10:20Z,3,"I was going to complain about this being our third Don song, but then I started to smile, so fuck it, this is delightful, especially the bum-bums. This would be a strong contender for the ""funny round"" later on, but here it is. Our best Don yet.",3da19f637b3e4d3e93a868b44102e4ae
spotify:track:1Hv1VTm8zeOeybub15mA2R,f269e66e73e246549e5c314009da035e,2026-06-06T09:10:20Z,-2,"Obligatory DV for blank entry, non-obligatory DV for all the other reasons. Sorry, this song has nothing left for me!",3da19f637b3e4d3e93a868b44102e4ae
spotify:track:1YzNHqhyj7j8A0CL30lUgd,f269e66e73e246549e5c314009da035e,2026-06-06T09:10:20Z,2,"Quite a pleasant racket! And by the by, I’ve just seen that the latest iteration of Shelley/Orcutt/Miller has added David Yow on a Beefheart cover! It's as scungy as you'd hope for.",3da19f637b3e4d3e93a868b44102e4ae
spotify:track:2b3zAIU06DRxvl7PehalzZ,f269e66e73e246549e5c314009da035e,2026-06-06T09:10:20Z,0,"Ooh, I think I'd rather have heard Mother Root, though that's probably a minority opinion. This is sort of sliding on by.",3da19f637b3e4d3e93a868b44102e4ae
spotify:track:43TN8zLpTz75TIvWSZ6cr3,f269e66e73e246549e5c314009da035e,2026-06-06T09:10:20Z,3,"That start is very like if Wet Leg's Rhian guested on Dry Cleaning's vocals, a fantasy I'm perfectly happy with, but it's more than that. ",3da19f637b3e4d3e93a868b44102e4ae
spotify:track:4vTF6h1NrPvRtrOCZQJzKw,f269e66e73e246549e5c314009da035e,2026-06-06T09:10:20Z,0,"""His head was ugly"" is very 70s Strine, by the way. I love how the drummer just lets go of any rhythm in the later cymbal attack.",3da19f637b3e4d3e93a868b44102e4ae
spotify:track:5BAJDNTutBFJL27pKunac1,f269e66e73e246549e5c314009da035e,2026-06-06T09:10:20Z,0,"I’m not that bothered about where every band member hails from, but appreciate your diligence! On the other hand, I remembered the original of this from Twin Peaks: The Return, and although Chromatics are promised a place in Valhalla for playing at the Bang Bang Bar, I have to say that this is an unwelcome remix of a song I like.",3da19f637b3e4d3e93a868b44102e4ae
spotify:track:5sJiLlgQKBL81QCTOkoLB5,f269e66e73e246549e5c314009da035e,2026-06-06T09:10:20Z,-1,"Nice notes, and my head knows that an Atkins/May/Saunderson show is a big deal, but this one, my heart says no. And my booty's deflated these days. ",3da19f637b3e4d3e93a868b44102e4ae
spotify:track:5UIRG5DrJ3bjOo0RpjEZyI,f269e66e73e246549e5c314009da035e,2026-06-06T09:10:20Z,4,"Mid-80s Sonic Youth playing gamelan at Steve Reich's house party, I love this! It’s so up my alley, can’t believe I haven’t heard them before. ",3da19f637b3e4d3e93a868b44102e4ae
spotify:track:6CGk7ABnnWh2dHlT59R255,f269e66e73e246549e5c314009da035e,2026-06-06T09:10:20Z,-2,"I said it for Right Here Right Now and I'm saying it again, Jesus Jones never quite worked for me, and I'm no closer to liking this now, sorry.",3da19f637b3e4d3e93a868b44102e4ae
spotify:track:71b4qdVOOUJoWG5ey7DOsp,f269e66e73e246549e5c314009da035e,2026-06-06T09:10:20Z,2,"Felt kind of weird trying to mosh on my own in the kitchen, but nothing got broken, so all good. ",3da19f637b3e4d3e93a868b44102e4ae
spotify:track:75GQIYnRaBg7ndHxhfYuQy,f269e66e73e246549e5c314009da035e,2026-06-06T09:10:20Z,2,"A nice lesson in active consent, boys, I thought this was going to be one of those ""please baby give it up"" songs then realised it's her doing the asking. It really is several songs in one, the mash-up of influences here is a bit dizzying, but fun.",3da19f637b3e4d3e93a868b44102e4ae
spotify:track:7F6UQyVvrmYAVyxxUF2MhT,f269e66e73e246549e5c314009da035e,2026-06-06T09:10:20Z,2,"Oh but that's modern life to a tee, isn't it? Everybody trying to get each other's attention while also staring into their own personal voids of devices and anxiety? Or is that just me. Enjoyed this, could be a little tighter though at 6 minutes.",3da19f637b3e4d3e93a868b44102e4ae
spotify:track:7vJSMyOOtIYC1KpeyRNxgt,f269e66e73e246549e5c314009da035e,2026-06-06T09:10:20Z,1,"Sort of enjoyed this, but I kept getting through it with nothing much to say about it. ",3da19f637b3e4d3e93a868b44102e4ae
spotify:track:7wbdd3b6ZrJllGZuRJtNGV,f269e66e73e246549e5c314009da035e,2026-06-06T09:10:20Z,2,"When I was a kid and first heard the term “brainwashing”, I thought it was literally the washing of the brain, and was horrified imagining how that might be done - but now, that’s exactly what I need to do to purge the mental images evoked by the squelchy bits here, which seem to be adding bathtub flatulence to the porn menu. It’s perfectly decent electro-disco otherwise. Also, Tommy's hair is extraordinary. ",3da19f637b3e4d3e93a868b44102e4ae
spotify:track:0970yaWdsPnVWn8Ej9qfy2,de4eea8c425949deaa2c55f0c21ccd7d,2026-06-06T15:45:46Z,3,Very pleasant.,3da19f637b3e4d3e93a868b44102e4ae
spotify:track:0dv1w0npDQliBX9HSVT3hg,de4eea8c425949deaa2c55f0c21ccd7d,2026-06-06T15:45:46Z,1,Rambling Dylanesque lyrics. Musically basic.,3da19f637b3e4d3e93a868b44102e4ae
spotify:track:0k9JIBszlCqCa4SpXI353F,de4eea8c425949deaa2c55f0c21ccd7d,2026-06-06T15:45:46Z,2,"I like more than my fair share of 80's hardcore punk, so I enjoyed the first half of the song.  The 2nd half is more in the style of Rage Against the Machine, which is less my thing.",3da19f637b3e4d3e93a868b44102e4ae
spotify:track:0R0jrqAOaFtDSDSaUEvpN2,de4eea8c425949deaa2c55f0c21ccd7d,2026-06-06T15:45:46Z,1,"Oh wow.  Not having much exposure to the music of the Arab world, I am not sure how this piece fits into the whole history of it and how to judge it.  It sounds much like the little I have heard; I don't know that it's a genre that values expansion and experimentation much?  So, just on an immediate aesthetic basis, I can say that I like the percussion, and the singer has a good voice.",3da19f637b3e4d3e93a868b44102e4ae
spotify:track:0rY4LJe7trV2DaNuD5pwjG,de4eea8c425949deaa2c55f0c21ccd7d,2026-06-06T15:45:46Z,2,"I'm sorry for the loss of your valued friend, Ben.  Props to you for being publicly emotional regarding male friendship, a rare thing.
Gorgeous version of an already-gorgeous song, but not really very different from the original.  Would have gotten more points if the same album by Craig A hadn't already been used.",3da19f637b3e4d3e93a868b44102e4ae
spotify:track:0Xv42V70k6KSOxHCaW0QWF,de4eea8c425949deaa2c55f0c21ccd7d,2026-06-06T15:45:46Z,-1,"Smiths cosplay mixed with Them's ""Gloria"" or The Velvet Undergrounds' ""Rock & Roll"".
He has already been used twice, which is not acceptable.  Check the spreadsheet, noob.",3da19f637b3e4d3e93a868b44102e4ae
spotify:track:1Hv1VTm8zeOeybub15mA2R,de4eea8c425949deaa2c55f0c21ccd7d,2026-06-06T15:45:46Z,-2,"If you had to choose her, you should have used a song that wasn't so overexposed.  Try to amaze and surprise us instead, noob.",3da19f637b3e4d3e93a868b44102e4ae
spotify:track:1YzNHqhyj7j8A0CL30lUgd,de4eea8c425949deaa2c55f0c21ccd7d,2026-06-06T15:45:46Z,2,"Neat story.  A tasty little appetizer of a song.  Not a whole meal, though.  Reminds me a bit of King Crimson and/or Hawkwind.",3da19f637b3e4d3e93a868b44102e4ae
spotify:track:2b3zAIU06DRxvl7PehalzZ,de4eea8c425949deaa2c55f0c21ccd7d,2026-06-06T15:45:46Z,2,"Pretty good, for hippies.",3da19f637b3e4d3e93a868b44102e4ae
spotify:track:43TN8zLpTz75TIvWSZ6cr3,de4eea8c425949deaa2c55f0c21ccd7d,2026-06-06T15:45:46Z,2,"Good guitar break, but the rest of it lacks something.",3da19f637b3e4d3e93a868b44102e4ae
spotify:track:4vTF6h1NrPvRtrOCZQJzKw,de4eea8c425949deaa2c55f0c21ccd7d,2026-06-06T15:45:46Z,4,I like it.  Similar to a few other No Wave-y female-fronted bands of its time.  And I appreciate the obscurity of your selection.,3da19f637b3e4d3e93a868b44102e4ae
spotify:track:5BAJDNTutBFJL27pKunac1,de4eea8c425949deaa2c55f0c21ccd7d,2026-06-06T15:45:46Z,1,It's alright.  Definitely perkier than the original.,3da19f637b3e4d3e93a868b44102e4ae
spotify:track:5UIRG5DrJ3bjOo0RpjEZyI,de4eea8c425949deaa2c55f0c21ccd7d,2026-06-06T15:45:46Z,2,Interesting stuff.  Thanks for being weird.,3da19f637b3e4d3e93a868b44102e4ae
spotify:track:6CGk7ABnnWh2dHlT59R255,de4eea8c425949deaa2c55f0c21ccd7d,2026-06-06T15:45:46Z,-1,"Kinda fun, but they were used too recently in season 7.",3da19f637b3e4d3e93a868b44102e4ae
spotify:track:71b4qdVOOUJoWG5ey7DOsp,de4eea8c425949deaa2c55f0c21ccd7d,2026-06-06T15:45:46Z,2,They do create a fine rumble.,3da19f637b3e4d3e93a868b44102e4ae
spotify:track:75GQIYnRaBg7ndHxhfYuQy,de4eea8c425949deaa2c55f0c21ccd7d,2026-06-06T15:45:46Z,-1,"They were used (in a delightfully surprising way) in season 7, and this song (which is admittedly good) has been overplayed on classic rock radio.  But thank you for not using Eric Carmen's awful solo work, which would be even worse.",3da19f637b3e4d3e93a868b44102e4ae
spotify:track:7F6UQyVvrmYAVyxxUF2MhT,de4eea8c425949deaa2c55f0c21ccd7d,2026-06-06T15:45:46Z,4,"I liked the intensity of this, though the last 2 minutes could have been profitably excised.",3da19f637b3e4d3e93a868b44102e4ae
spotify:track:7vJSMyOOtIYC1KpeyRNxgt,de4eea8c425949deaa2c55f0c21ccd7d,2026-06-06T15:45:46Z,4,Excellent stuff.  Great deep dive.,3da19f637b3e4d3e93a868b44102e4ae
spotify:track:7wbdd3b6ZrJllGZuRJtNGV,de4eea8c425949deaa2c55f0c21ccd7d,2026-06-06T15:45:46Z,3,Brilliantly cheesy Euro-disco.,3da19f637b3e4d3e93a868b44102e4ae
spotify:track:0970yaWdsPnVWn8Ej9qfy2,23e53d1a01404849826a9ac7d1d28b27,2026-06-07T14:23:03Z,3,"Lovely song, the perfect way to kick off the firefly music league!",3da19f637b3e4d3e93a868b44102e4ae
spotify:track:0dv1w0npDQliBX9HSVT3hg,23e53d1a01404849826a9ac7d1d28b27,2026-06-07T14:23:03Z,1,Nice groovy little number.,3da19f637b3e4d3e93a868b44102e4ae
spotify:track:0k9JIBszlCqCa4SpXI353F,23e53d1a01404849826a9ac7d1d28b27,2026-06-07T14:23:03Z,3,"Rage against the machine vibes, I like it a lot and will explore more!",3da19f637b3e4d3e93a868b44102e4ae
spotify:track:0rY4LJe7trV2DaNuD5pwjG,23e53d1a01404849826a9ac7d1d28b27,2026-06-07T14:23:03Z,3,"I don't get it, this sounds exactly like Paul Buchanan. Love this version of this song.",3da19f637b3e4d3e93a868b44102e4ae
spotify:track:0Xv42V70k6KSOxHCaW0QWF,23e53d1a01404849826a9ac7d1d28b27,2026-06-07T14:23:03Z,2,"Don Lennon is someone I need to explore more, heard him in a previous music league I believe, and that song was equally catchy / interesting.",3da19f637b3e4d3e93a868b44102e4ae
spotify:track:1Hv1VTm8zeOeybub15mA2R,23e53d1a01404849826a9ac7d1d28b27,2026-06-07T14:23:03Z,0,"I love Sade, but have heard this so many times now, and though this was her big hit, she has way better songs IMHO. ",3da19f637b3e4d3e93a868b44102e4ae
spotify:track:1YzNHqhyj7j8A0CL30lUgd,23e53d1a01404849826a9ac7d1d28b27,2026-06-07T14:23:03Z,-2,"Love Sonic Youth, but I didn't really click with this song..",3da19f637b3e4d3e93a868b44102e4ae
spotify:track:2b3zAIU06DRxvl7PehalzZ,23e53d1a01404849826a9ac7d1d28b27,2026-06-07T14:23:03Z,2,"Pleasant and interesting, love hearing about places like this.",3da19f637b3e4d3e93a868b44102e4ae
spotify:track:43TN8zLpTz75TIvWSZ6cr3,23e53d1a01404849826a9ac7d1d28b27,2026-06-07T14:23:03Z,4,"Yeah, this is so so cool!",3da19f637b3e4d3e93a868b44102e4ae
spotify:track:4vTF6h1NrPvRtrOCZQJzKw,23e53d1a01404849826a9ac7d1d28b27,2026-06-07T14:23:03Z,-1,"I love the Melbourne music scene, so many great bands, but I just didn't click with this song.",3da19f637b3e4d3e93a868b44102e4ae
spotify:track:5BAJDNTutBFJL27pKunac1,23e53d1a01404849826a9ac7d1d28b27,2026-06-07T14:23:03Z,3,"Great tune, love it when the synth comes in. Going straight on to my work out mix",3da19f637b3e4d3e93a868b44102e4ae
spotify:track:5sJiLlgQKBL81QCTOkoLB5,23e53d1a01404849826a9ac7d1d28b27,2026-06-07T14:23:03Z,2,A classic. takes me straight back to my young clubbing days,3da19f637b3e4d3e93a868b44102e4ae
spotify:track:5UIRG5DrJ3bjOo0RpjEZyI,23e53d1a01404849826a9ac7d1d28b27,2026-06-07T14:23:03Z,-1,"Sorry, might just be me, but I don't like this type a stuff",3da19f637b3e4d3e93a868b44102e4ae
spotify:track:6CGk7ABnnWh2dHlT59R255,23e53d1a01404849826a9ac7d1d28b27,2026-06-07T14:23:03Z,-1,Not my cup of tea I'm afraid. ,3da19f637b3e4d3e93a868b44102e4ae
spotify:track:71b4qdVOOUJoWG5ey7DOsp,23e53d1a01404849826a9ac7d1d28b27,2026-06-07T14:23:03Z,2,Very cool song,3da19f637b3e4d3e93a868b44102e4ae
spotify:track:75GQIYnRaBg7ndHxhfYuQy,23e53d1a01404849826a9ac7d1d28b27,2026-06-07T14:23:03Z,1,Nice,3da19f637b3e4d3e93a868b44102e4ae
spotify:track:7F6UQyVvrmYAVyxxUF2MhT,23e53d1a01404849826a9ac7d1d28b27,2026-06-07T14:23:03Z,6,"I love this kind of music so much, what a great discovery, thank you Poster! Cool female vocalist, energy, lyrics, music, guitar / reverb outro, perfect! This has gone straight into my ""top music league songs"" list.",3da19f637b3e4d3e93a868b44102e4ae
spotify:track:7vJSMyOOtIYC1KpeyRNxgt,23e53d1a01404849826a9ac7d1d28b27,2026-06-07T14:23:03Z,2,"Haha, Sheffield, love it! No seriously, I've visited once and it was delightful. Nice song.",3da19f637b3e4d3e93a868b44102e4ae
spotify:track:7wbdd3b6ZrJllGZuRJtNGV,23e53d1a01404849826a9ac7d1d28b27,2026-06-07T14:23:03Z,1,"Interesting, meant to be ironic & funny I guess. Enjoyable listen, though I doubt I'll ever listen to it again.",3da19f637b3e4d3e93a868b44102e4ae
spotify:track:0970yaWdsPnVWn8Ej9qfy2,fb5929c39fbe403dbcebeb3329942390,2026-06-07T15:33:41Z,2,"This very nice, espc. the string arrangement, but perhaps a little too indie MOR. You don't write the saddest song in the world by setting out to write the saddest song in the world.",3da19f637b3e4d3e93a868b44102e4ae
spotify:track:0dv1w0npDQliBX9HSVT3hg,fb5929c39fbe403dbcebeb3329942390,2026-06-07T15:33:41Z,3,Didn't even know this compatriot. This is good. There is an article about him in this week's Weekendavisen.,3da19f637b3e4d3e93a868b44102e4ae
spotify:track:0k9JIBszlCqCa4SpXI353F,fb5929c39fbe403dbcebeb3329942390,2026-06-07T15:33:41Z,2,This is good punky stuff.,3da19f637b3e4d3e93a868b44102e4ae
spotify:track:0R0jrqAOaFtDSDSaUEvpN2,fb5929c39fbe403dbcebeb3329942390,2026-06-07T15:33:41Z,3,"I like this, and am giving an extra point for stepping outside our indie comfort zone.",3da19f637b3e4d3e93a868b44102e4ae
spotify:track:0rY4LJe7trV2DaNuD5pwjG,fb5929c39fbe403dbcebeb3329942390,2026-06-07T15:33:41Z,2,"It's good, but I'm not bowled over.",3da19f637b3e4d3e93a868b44102e4ae
spotify:track:0Xv42V70k6KSOxHCaW0QWF,fb5929c39fbe403dbcebeb3329942390,2026-06-07T15:33:41Z,2,Jingly jangly indie pop is a surefire way to win me over.,3da19f637b3e4d3e93a868b44102e4ae
spotify:track:1Hv1VTm8zeOeybub15mA2R,fb5929c39fbe403dbcebeb3329942390,2026-06-07T15:33:41Z,1,"On one hand the familiarity tax beckons, on the other hand this is a classic pop song. What to do ... ? A single point will do.",3da19f637b3e4d3e93a868b44102e4ae
spotify:track:1YzNHqhyj7j8A0CL30lUgd,fb5929c39fbe403dbcebeb3329942390,2026-06-07T15:33:41Z,-1,"It's not bad as such, just not quite up there with some of the others.",3da19f637b3e4d3e93a868b44102e4ae
spotify:track:2b3zAIU06DRxvl7PehalzZ,fb5929c39fbe403dbcebeb3329942390,2026-06-07T15:33:41Z,-1,"Not bad, but doesn't quite make the cut.",3da19f637b3e4d3e93a868b44102e4ae
spotify:track:43TN8zLpTz75TIvWSZ6cr3,fb5929c39fbe403dbcebeb3329942390,2026-06-07T15:33:41Z,2,"I'm no fan of the speakysinging, but this song elevates itself enough for me to like it.",3da19f637b3e4d3e93a868b44102e4ae
spotify:track:4vTF6h1NrPvRtrOCZQJzKw,fb5929c39fbe403dbcebeb3329942390,2026-06-07T15:33:41Z,-1,Noise rock is always a difficult proposition. And in this instance it doesn't quite land for me.,3da19f637b3e4d3e93a868b44102e4ae
spotify:track:5BAJDNTutBFJL27pKunac1,fb5929c39fbe403dbcebeb3329942390,2026-06-07T15:33:41Z,3,I'm surprised The Chromatics haven't turned up until now! What's wrong with us?! I obviously like this.,3da19f637b3e4d3e93a868b44102e4ae
spotify:track:5sJiLlgQKBL81QCTOkoLB5,fb5929c39fbe403dbcebeb3329942390,2026-06-07T15:33:41Z,4,"You get an extra point for the audacity of submitting outright dance music, and such a classic one to boot.",3da19f637b3e4d3e93a868b44102e4ae
spotify:track:5UIRG5DrJ3bjOo0RpjEZyI,fb5929c39fbe403dbcebeb3329942390,2026-06-07T15:33:41Z,5,"There are a lot of better bands from Liverpool, but I'll take this! Gamelan gongish modernist compositions mixed with indie music. ",3da19f637b3e4d3e93a868b44102e4ae
spotify:track:6CGk7ABnnWh2dHlT59R255,fb5929c39fbe403dbcebeb3329942390,2026-06-07T15:33:41Z,2,This was glorious for a brief moment in time.,3da19f637b3e4d3e93a868b44102e4ae
spotify:track:71b4qdVOOUJoWG5ey7DOsp,fb5929c39fbe403dbcebeb3329942390,2026-06-07T15:33:41Z,-1,"This is the kind of shouty singing I dislike. The song itself is kinda OK, but the shouting ...",3da19f637b3e4d3e93a868b44102e4ae
spotify:track:75GQIYnRaBg7ndHxhfYuQy,fb5929c39fbe403dbcebeb3329942390,2026-06-07T15:33:41Z,-1,"I'm normally not big on downvoting repeats, but used in the last league is a bit to close. ",3da19f637b3e4d3e93a868b44102e4ae
spotify:track:7F6UQyVvrmYAVyxxUF2MhT,fb5929c39fbe403dbcebeb3329942390,2026-06-07T15:33:41Z,3,Good indie rock with pop tendencies. Thumbs up!,3da19f637b3e4d3e93a868b44102e4ae
spotify:track:7vJSMyOOtIYC1KpeyRNxgt,fb5929c39fbe403dbcebeb3329942390,2026-06-07T15:33:41Z,1,"It has got its moments, but I'm a little undecided on the final vote.",3da19f637b3e4d3e93a868b44102e4ae
spotify:track:0970yaWdsPnVWn8Ej9qfy2,6decab82ff3a437a886aa3d9a5999e5d,2026-06-07T22:23:34Z,-1,Sorry?,3da19f637b3e4d3e93a868b44102e4ae
spotify:track:0dv1w0npDQliBX9HSVT3hg,6decab82ff3a437a886aa3d9a5999e5d,2026-06-07T22:23:34Z,3,"Quite a departure from his primary band, I love it.",3da19f637b3e4d3e93a868b44102e4ae
spotify:track:0k9JIBszlCqCa4SpXI353F,6decab82ff3a437a886aa3d9a5999e5d,2026-06-07T22:23:34Z,3,"I think they're perhaps a little overrated but it's still pretty cool that music this loud is garnering such widespread attention. I've seen them live at a festival early in the day a few years back, and will see them again at a festival later this year as the headliner. Those stories about the ex-guitarist and attempted murder are wild ",3da19f637b3e4d3e93a868b44102e4ae
spotify:track:0R0jrqAOaFtDSDSaUEvpN2,6decab82ff3a437a886aa3d9a5999e5d,2026-06-07T22:23:34Z,2,"Nothing wrong a with a little world music, welcome to Firefly ML !",3da19f637b3e4d3e93a868b44102e4ae
spotify:track:0rY4LJe7trV2DaNuD5pwjG,6decab82ff3a437a886aa3d9a5999e5d,2026-06-07T22:23:34Z,3,"Aw Ben, so sorry to hear about your friend Gordon. This song stands its own as well, I like the yearning here ",3da19f637b3e4d3e93a868b44102e4ae
spotify:track:0Xv42V70k6KSOxHCaW0QWF,6decab82ff3a437a886aa3d9a5999e5d,2026-06-07T22:23:34Z,2,"So close to Saving without comments but then saw that many new folks didn't know the importance of the intro. 

This song is is pretty funny and charming, reminds me of Jens, and Pelle Carlberg especially ",3da19f637b3e4d3e93a868b44102e4ae
spotify:track:1Hv1VTm8zeOeybub15mA2R,6decab82ff3a437a886aa3d9a5999e5d,2026-06-07T22:23:34Z,-1,"Where? When? How?? 
I don't know what to do, and the familiairty tax is prob going to be applied here  ",3da19f637b3e4d3e93a868b44102e4ae
spotify:track:1YzNHqhyj7j8A0CL30lUgd,6decab82ff3a437a886aa3d9a5999e5d,2026-06-07T22:23:34Z,3,I love my summer job stories from the college years. How did so many obvisouly amazing things that nobody would want to hear about today actually happen in 3 year period? ,3da19f637b3e4d3e93a868b44102e4ae
spotify:track:43TN8zLpTz75TIvWSZ6cr3,6decab82ff3a437a886aa3d9a5999e5d,2026-06-07T22:23:34Z,4,"Sounds like a lot of bands with female half spoken/half sung vocals, and yep, still a total sucker for it. ",3da19f637b3e4d3e93a868b44102e4ae
spotify:track:4vTF6h1NrPvRtrOCZQJzKw,6decab82ff3a437a886aa3d9a5999e5d,2026-06-07T22:23:34Z,5,I actually loved this track when it started  but my dog thought the repetitive guitar notes were too much like the UPS truck alert so we had to stop listening quickly. Hopefully it didn't suck in the middle and end?,3da19f637b3e4d3e93a868b44102e4ae
spotify:track:5BAJDNTutBFJL27pKunac1,6decab82ff3a437a886aa3d9a5999e5d,2026-06-07T22:23:34Z,3,"Nice deep pull, fellow Portlander!!",3da19f637b3e4d3e93a868b44102e4ae
spotify:track:5sJiLlgQKBL81QCTOkoLB5,6decab82ff3a437a886aa3d9a5999e5d,2026-06-07T22:23:34Z,1,,3da19f637b3e4d3e93a868b44102e4ae
spotify:track:5UIRG5DrJ3bjOo0RpjEZyI,6decab82ff3a437a886aa3d9a5999e5d,2026-06-07T22:23:34Z,-1,,3da19f637b3e4d3e93a868b44102e4ae
spotify:track:6CGk7ABnnWh2dHlT59R255,6decab82ff3a437a886aa3d9a5999e5d,2026-06-07T22:23:34Z,-2,"It's not you, it's Jesus Jones.",3da19f637b3e4d3e93a868b44102e4ae
spotify:track:75GQIYnRaBg7ndHxhfYuQy,6decab82ff3a437a886aa3d9a5999e5d,2026-06-07T22:23:34Z,2,Straight 🔥 ,3da19f637b3e4d3e93a868b44102e4ae
spotify:track:7F6UQyVvrmYAVyxxUF2MhT,6decab82ff3a437a886aa3d9a5999e5d,2026-06-07T22:23:34Z,3,,3da19f637b3e4d3e93a868b44102e4ae
spotify:track:7wbdd3b6ZrJllGZuRJtNGV,6decab82ff3a437a886aa3d9a5999e5d,2026-06-07T22:23:34Z,1,"Dane on Dane controversy!! 

Fear not, I am available for peace talks June 22-26.",3da19f637b3e4d3e93a868b44102e4ae
spotify:track:7vJSMyOOtIYC1KpeyRNxgt,8e90755452724b16bc0423f737beaccd,2026-06-08T02:22:52Z,1,"More of that post-punk goodness that I crave, but slightly diminished by my wish that I liked Mark Gouldthorpe's vocals better than I actually do.",3da19f637b3e4d3e93a868b44102e4ae
spotify:track:0970yaWdsPnVWn8Ej9qfy2,8e90755452724b16bc0423f737beaccd,2026-06-08T02:22:52Z,2,"I really like how Crowley structures the instrumentation... the song is like waves coming onto the shore. And Caroline is right, what an apt way to start the new league.",3da19f637b3e4d3e93a868b44102e4ae
spotify:track:0dv1w0npDQliBX9HSVT3hg,8e90755452724b16bc0423f737beaccd,2026-06-08T02:22:52Z,1,"Not a big fan of when the vocals get all processed, but overall it's clever enough to sustain interest.",3da19f637b3e4d3e93a868b44102e4ae
spotify:track:0k9JIBszlCqCa4SpXI353F,8e90755452724b16bc0423f737beaccd,2026-06-08T02:22:52Z,4,"Having already voiced my enthusiasm in the chat, I am thrilled to see Turnstile here -- this was easily my favorite album from 2025, but I could never find the right opportunity to submit them in the league. I don't know that ""Birds"" is the most representative song, though, or maybe it's just that that I gravitate more to poppier tracks like ""Never Enough"" or ""Seein' Stars"".",3da19f637b3e4d3e93a868b44102e4ae
spotify:track:0R0jrqAOaFtDSDSaUEvpN2,8e90755452724b16bc0423f737beaccd,2026-06-08T02:22:52Z,-1,"Admittedly not something I would normally listen to, but I think it's fine as a representation. I'd like to hear more about your personal history with the song/artist, though. It also doesn't deserve a downvote, but I don't get to make the rules.",3da19f637b3e4d3e93a868b44102e4ae
spotify:track:0rY4LJe7trV2DaNuD5pwjG,8e90755452724b16bc0423f737beaccd,2026-06-08T02:22:52Z,2,"I haven't played Armstrong in years... as I recall, I was a bigger fan of As If To Nothing than this album. And in truth, I think I prefer the original Blue Nile version of this song, too. It's obviously still highly evocative of time and place, though. Raising a glass to you and Gordon.",3da19f637b3e4d3e93a868b44102e4ae
spotify:track:0Xv42V70k6KSOxHCaW0QWF,8e90755452724b16bc0423f737beaccd,2026-06-08T02:22:52Z,-2,"See also Jonathan Richman and Loudon Wainwright III. I was going to say it doesn't really deserve the full snake eyes, but then I heard that ""bum, bum, bum, bum, bum, bum, bum, bum, bum, bum"" part again. ",3da19f637b3e4d3e93a868b44102e4ae
spotify:track:1Hv1VTm8zeOeybub15mA2R,8e90755452724b16bc0423f737beaccd,2026-06-08T02:22:52Z,4,"Still a classic! Sade's vocals deserve every bit of attention, but over the years I've become a fan of Stuart Matthewman, too, and the Sweetback side project (he was also a big part of helping launch neo-soul singer Maxwell). I'm so used to the album version that the single edit here catches me off guard, LOL!",3da19f637b3e4d3e93a868b44102e4ae
spotify:track:1YzNHqhyj7j8A0CL30lUgd,8e90755452724b16bc0423f737beaccd,2026-06-08T02:22:52Z,0,Found out Ivan passed away in 2008. RIP,3da19f637b3e4d3e93a868b44102e4ae
spotify:track:2b3zAIU06DRxvl7PehalzZ,8e90755452724b16bc0423f737beaccd,2026-06-08T02:22:52Z,3,This has grown on me nicely with repeated listens... reminds me in places of my beloved Rainer Ptacek. Intrigued enough to check out the entire album at some point.,3da19f637b3e4d3e93a868b44102e4ae
spotify:track:43TN8zLpTz75TIvWSZ6cr3,8e90755452724b16bc0423f737beaccd,2026-06-08T02:22:52Z,2,"Some well-placed Velvet Underground vibes for this New York vignette, complete with the mostly deadpan vocals. If you like this, check out the slightly more raucous ""Davey Says"" from the same album.",3da19f637b3e4d3e93a868b44102e4ae
spotify:track:4vTF6h1NrPvRtrOCZQJzKw,8e90755452724b16bc0423f737beaccd,2026-06-08T02:22:52Z,2,"""Strangest and spikiest"" is a good guide into this song. It's amazing how well the blueprint from this era still holds up over 40 years later.",3da19f637b3e4d3e93a868b44102e4ae
spotify:track:5BAJDNTutBFJL27pKunac1,8e90755452724b16bc0423f737beaccd,2026-06-08T02:22:52Z,2,"Many of you probably already know this, but Chromatics were actually featured in the 2017 Twin Peaks revival, playing at The Bang Bang Bar (aka the Roadhouse) like something out of a Wim Wenders film. This remix, which I had not heard before now, is an interesting alternate version with a decidedly different energy.",3da19f637b3e4d3e93a868b44102e4ae
spotify:track:5sJiLlgQKBL81QCTOkoLB5,8e90755452724b16bc0423f737beaccd,2026-06-08T02:22:52Z,2,"In hindsight it's interesting that I was consuming these sounds more from UK artists like Jazzie B (Soul II Soul) and Nellie Hooper rather than the homegrown stuff, but I was at least aware of Kevin Saunderson. I also have fond memories of our friend group passing around cassettes of house music that someone had taped off the radio while visiting Chicago. Heady times.",3da19f637b3e4d3e93a868b44102e4ae
spotify:track:5UIRG5DrJ3bjOo0RpjEZyI,8e90755452724b16bc0423f737beaccd,2026-06-08T02:22:52Z,-1,"As a Blue Man Group fan, I would ordinarily have more time for this kind of thing, but unfortunately the novelty wears off a bit... ",3da19f637b3e4d3e93a868b44102e4ae
spotify:track:6CGk7ABnnWh2dHlT59R255,8e90755452724b16bc0423f737beaccd,2026-06-08T02:22:52Z,3,"Proof that Jesus Jones were so much more interesting than just ""Right Here, Right Now""... there was a time when this would have been described as cyberpunk music. Certainly fit in my listening world alongside the likes of fellow sample-lovers Tackhead and Public Enemy.",3da19f637b3e4d3e93a868b44102e4ae
spotify:track:71b4qdVOOUJoWG5ey7DOsp,8e90755452724b16bc0423f737beaccd,2026-06-08T02:22:52Z,2,"Solid punk effort. Still not sure I can actually wrap my brain around the gap between this and ""Feel It Still"", LOL!",3da19f637b3e4d3e93a868b44102e4ae
spotify:track:75GQIYnRaBg7ndHxhfYuQy,8e90755452724b16bc0423f737beaccd,2026-06-08T02:22:52Z,3,"Such a pastiche of obvious influences (Pete Townshend, The Beatles, etc.), but it all comes together nicely and the guitars sound wonderful. The '70s were a different time, riff on.",3da19f637b3e4d3e93a868b44102e4ae
spotify:track:7F6UQyVvrmYAVyxxUF2MhT,8e90755452724b16bc0423f737beaccd,2026-06-08T02:22:52Z,-1,"Kind of a revved-up take on fellow Chicagoan Liz Phair, isn't it? Co-produced by Chris Walla, who has continued to do all kinds of good work after splitting from Death Cab for Cutie, but just seems a bit generic to my jaded ears.",3da19f637b3e4d3e93a868b44102e4ae
spotify:track:7wbdd3b6ZrJllGZuRJtNGV,8e90755452724b16bc0423f737beaccd,2026-06-08T02:22:52Z,2,"""This song is the best song Giorgio Moroder never wrote."" Can't really add much to that statement, although maybe we didn't really need to hear someone squeezing Seebach's lemon 'til the juice ran down his leg.",3da19f637b3e4d3e93a868b44102e4ae
spotify:track:0dv1w0npDQliBX9HSVT3hg,eda607c11bad4f2087be16a53e4d90b5,2026-06-08T07:41:08Z,3,,3da19f637b3e4d3e93a868b44102e4ae
spotify:track:0k9JIBszlCqCa4SpXI353F,eda607c11bad4f2087be16a53e4d90b5,2026-06-08T07:41:08Z,2,,3da19f637b3e4d3e93a868b44102e4ae
spotify:track:0R0jrqAOaFtDSDSaUEvpN2,eda607c11bad4f2087be16a53e4d90b5,2026-06-08T07:41:08Z,3,,3da19f637b3e4d3e93a868b44102e4ae
spotify:track:0rY4LJe7trV2DaNuD5pwjG,eda607c11bad4f2087be16a53e4d90b5,2026-06-08T07:41:08Z,3,,3da19f637b3e4d3e93a868b44102e4ae
spotify:track:0Xv42V70k6KSOxHCaW0QWF,eda607c11bad4f2087be16a53e4d90b5,2026-06-08T07:41:08Z,-1,,3da19f637b3e4d3e93a868b44102e4ae
spotify:track:1Hv1VTm8zeOeybub15mA2R,eda607c11bad4f2087be16a53e4d90b5,2026-06-08T07:41:08Z,2,,3da19f637b3e4d3e93a868b44102e4ae
spotify:track:1YzNHqhyj7j8A0CL30lUgd,eda607c11bad4f2087be16a53e4d90b5,2026-06-08T07:41:08Z,4,,3da19f637b3e4d3e93a868b44102e4ae
spotify:track:2b3zAIU06DRxvl7PehalzZ,eda607c11bad4f2087be16a53e4d90b5,2026-06-08T07:41:08Z,-1,,3da19f637b3e4d3e93a868b44102e4ae
spotify:track:0970yaWdsPnVWn8Ej9qfy2,eda607c11bad4f2087be16a53e4d90b5,2026-06-08T07:41:08Z,3,,3da19f637b3e4d3e93a868b44102e4ae
spotify:track:43TN8zLpTz75TIvWSZ6cr3,eda607c11bad4f2087be16a53e4d90b5,2026-06-08T07:41:08Z,1,,3da19f637b3e4d3e93a868b44102e4ae
spotify:track:4vTF6h1NrPvRtrOCZQJzKw,eda607c11bad4f2087be16a53e4d90b5,2026-06-08T07:41:08Z,1,,3da19f637b3e4d3e93a868b44102e4ae
spotify:track:5BAJDNTutBFJL27pKunac1,eda607c11bad4f2087be16a53e4d90b5,2026-06-08T07:41:08Z,4,,3da19f637b3e4d3e93a868b44102e4ae
spotify:track:5sJiLlgQKBL81QCTOkoLB5,eda607c11bad4f2087be16a53e4d90b5,2026-06-08T07:41:08Z,4,,3da19f637b3e4d3e93a868b44102e4ae
spotify:track:5UIRG5DrJ3bjOo0RpjEZyI,eda607c11bad4f2087be16a53e4d90b5,2026-06-08T07:41:08Z,-1,,3da19f637b3e4d3e93a868b44102e4ae
spotify:track:71b4qdVOOUJoWG5ey7DOsp,eda607c11bad4f2087be16a53e4d90b5,2026-06-08T07:41:08Z,2,,3da19f637b3e4d3e93a868b44102e4ae
spotify:track:75GQIYnRaBg7ndHxhfYuQy,eda607c11bad4f2087be16a53e4d90b5,2026-06-08T07:41:08Z,-1,,3da19f637b3e4d3e93a868b44102e4ae
spotify:track:7F6UQyVvrmYAVyxxUF2MhT,eda607c11bad4f2087be16a53e4d90b5,2026-06-08T07:41:08Z,2,,3da19f637b3e4d3e93a868b44102e4ae
spotify:track:7vJSMyOOtIYC1KpeyRNxgt,eda607c11bad4f2087be16a53e4d90b5,2026-06-08T07:41:08Z,1,,3da19f637b3e4d3e93a868b44102e4ae
spotify:track:7wbdd3b6ZrJllGZuRJtNGV,eda607c11bad4f2087be16a53e4d90b5,2026-06-08T07:41:08Z,-1,,3da19f637b3e4d3e93a868b44102e4ae
spotify:track:0970yaWdsPnVWn8Ej9qfy2,01544fd12f414dadbc9bce3599e03c0b,2026-06-08T08:24:50Z,0,"I think a strict interpretation of this week's brief renders my submission invalid, or at least dubious, but hopefully the Lee Marvin baritone and swelling strings are enough to pick up a few points. I have discovered this week that I like singing the ""in the world"" bits  in the moments immediately after waking  up when my voice is still somewhat gravelly. ",3da19f637b3e4d3e93a868b44102e4ae
spotify:track:0dv1w0npDQliBX9HSVT3hg,01544fd12f414dadbc9bce3599e03c0b,2026-06-08T08:24:50Z,1,"Welcome Thomas, from a frequent watcher of your YouTube videos. I found this song pleasant if unremarkable. ",3da19f637b3e4d3e93a868b44102e4ae
spotify:track:0k9JIBszlCqCa4SpXI353F,01544fd12f414dadbc9bce3599e03c0b,2026-06-08T08:24:50Z,1,"I am reminded that I must watch Baltimorons, which has been on my list for  a while. I may even watch it today, now that I am retired, the only question is will it be before or after my golf lesson. These kids have Jane's Addiction records in their collection. I definitely hear Perry Farrell in the vocals. It was ok. ",3da19f637b3e4d3e93a868b44102e4ae
spotify:track:0R0jrqAOaFtDSDSaUEvpN2,01544fd12f414dadbc9bce3599e03c0b,2026-06-08T08:24:50Z,-2,Nadeem picked a tough week in which to make his comeback. Not for me. Downvoted with apologies. ,3da19f637b3e4d3e93a868b44102e4ae
spotify:track:0rY4LJe7trV2DaNuD5pwjG,01544fd12f414dadbc9bce3599e03c0b,2026-06-08T08:24:50Z,4,"Sorry to hear about your friend, Ben. As a fellow frequent watcher of live football in a country where that's a niche interest, where people don't understand that community and connection are what it's about and only care about quality (this makes me roll my eyes so far back in my head, honestly), I understand and sympathise with your loss completely.  I prefer the original of this but, to coin a cliche, PB could sing the team sheets from the Rangers FC match programme and I would listen.  ",3da19f637b3e4d3e93a868b44102e4ae
spotify:track:0Xv42V70k6KSOxHCaW0QWF,01544fd12f414dadbc9bce3599e03c0b,2026-06-08T08:24:50Z,5,Welcome Keith. We've had Don Lennon before.  You'll find that this annoys some of the awkward types around here. I liked it then and I like this too. ,3da19f637b3e4d3e93a868b44102e4ae
spotify:track:1Hv1VTm8zeOeybub15mA2R,01544fd12f414dadbc9bce3599e03c0b,2026-06-08T08:24:50Z,2,I was surprised that I listened to this all the way through. It's pretty good isn't it?  The sax is really enjoyable. ,3da19f637b3e4d3e93a868b44102e4ae
spotify:track:1YzNHqhyj7j8A0CL30lUgd,01544fd12f414dadbc9bce3599e03c0b,2026-06-08T08:24:50Z,1,What a great story... I enjoyed this even though it didn't really develop into anything. ,3da19f637b3e4d3e93a868b44102e4ae
spotify:track:2b3zAIU06DRxvl7PehalzZ,01544fd12f414dadbc9bce3599e03c0b,2026-06-08T08:24:50Z,2,"Yeah this is pretty good. I'm reminded of Jake Xerxes Fussell in the singing, ",3da19f637b3e4d3e93a868b44102e4ae
spotify:track:43TN8zLpTz75TIvWSZ6cr3,01544fd12f414dadbc9bce3599e03c0b,2026-06-08T08:24:50Z,3,"Wait, what? You mean this isn't Dry Cleaning? It was good though which means I am in the unfortunate position of having to give points to Neil Jones who has almost certainly downvoted me just because with a damning ""shittest song in the world more like"". ",3da19f637b3e4d3e93a868b44102e4ae
spotify:track:4vTF6h1NrPvRtrOCZQJzKw,01544fd12f414dadbc9bce3599e03c0b,2026-06-08T08:24:50Z,-1,I hear you Al! You'd think living in Dublin I'd be spoiled for choice but I found this round surprisingly tricky. Reminded me a bit of Siouxie and the banshees. This was a strong week so this gets a very harsh downvote with apologies. ,3da19f637b3e4d3e93a868b44102e4ae
spotify:track:5BAJDNTutBFJL27pKunac1,01544fd12f414dadbc9bce3599e03c0b,2026-06-08T08:24:50Z,4,This was very good and sounds great on these here swanky earbuds that the fam got me recently to celebrate the milestone birthday which welcomed me to my seventh decade on earth. As my sister said to me and I tend to agree - How can you be 60? I really enjoyed this. ,3da19f637b3e4d3e93a868b44102e4ae
spotify:track:5sJiLlgQKBL81QCTOkoLB5,01544fd12f414dadbc9bce3599e03c0b,2026-06-08T08:24:50Z,3,"Yeah loved this. Thanks for reminding me of it, you resident of a town in a Sufjan Stevens song you. ",3da19f637b3e4d3e93a868b44102e4ae
spotify:track:5UIRG5DrJ3bjOo0RpjEZyI,01544fd12f414dadbc9bce3599e03c0b,2026-06-08T08:24:50Z,-1,"At times I thought I was enjoying this, at others I found it annoying. Downvotes are hard to come by this week but, on balance, I think I have to apply one, apologetically of course, here. Sorry Girvan. ",3da19f637b3e4d3e93a868b44102e4ae
spotify:track:6CGk7ABnnWh2dHlT59R255,01544fd12f414dadbc9bce3599e03c0b,2026-06-08T08:24:50Z,-1,"I didn't care much for these in their, ahem, heyday and either it or my ears hasn't aged well in the meantime. Sorry Tony. Downvoted with apologies. ",3da19f637b3e4d3e93a868b44102e4ae
spotify:track:71b4qdVOOUJoWG5ey7DOsp,01544fd12f414dadbc9bce3599e03c0b,2026-06-08T08:24:50Z,3,"Really good. Mad juxtaposition between them and Portugal The Man. Their lyric, ""I've been feeling it since 1966"" is my mantra. ",3da19f637b3e4d3e93a868b44102e4ae
spotify:track:75GQIYnRaBg7ndHxhfYuQy,01544fd12f414dadbc9bce3599e03c0b,2026-06-08T08:24:50Z,1,"I liked the intro, didn't care much for the singing.  Lots of good stuff this week so the upvotes have to be spread thinly. ",3da19f637b3e4d3e93a868b44102e4ae
spotify:track:7F6UQyVvrmYAVyxxUF2MhT,01544fd12f414dadbc9bce3599e03c0b,2026-06-08T08:24:50Z,2,Pretty Catchy! I enjoyed this...,3da19f637b3e4d3e93a868b44102e4ae
spotify:track:7vJSMyOOtIYC1KpeyRNxgt,01544fd12f414dadbc9bce3599e03c0b,2026-06-08T08:24:50Z,0,I'm not mad about this. Sorry Ant! ,3da19f637b3e4d3e93a868b44102e4ae
spotify:track:7wbdd3b6ZrJllGZuRJtNGV,01544fd12f414dadbc9bce3599e03c0b,2026-06-08T08:24:50Z,3,As soon as the do do do doos came in I was sold. ,3da19f637b3e4d3e93a868b44102e4ae
spotify:track:0970yaWdsPnVWn8Ej9qfy2,920d59fe89434c9a9255c64fa8265e5a,2026-06-08T10:50:57Z,2,do like this although i would recommend adrian sets his sights a little higher and tries to write the best song in the world not just the saddest.,3da19f637b3e4d3e93a868b44102e4ae
spotify:track:0dv1w0npDQliBX9HSVT3hg,920d59fe89434c9a9255c64fa8265e5a,2026-06-08T10:50:57Z,3,nice toe tappy groove.,3da19f637b3e4d3e93a868b44102e4ae
spotify:track:0k9JIBszlCqCa4SpXI353F,920d59fe89434c9a9255c64fa8265e5a,2026-06-08T10:50:57Z,4,had me fooled with the rumbling bass synth intro before exploding. love the energy.,3da19f637b3e4d3e93a868b44102e4ae
spotify:track:0R0jrqAOaFtDSDSaUEvpN2,920d59fe89434c9a9255c64fa8265e5a,2026-06-08T10:50:57Z,2,"this took me a few listens but very much grew on me despite ostensibly not being my ""thing"" at all. thank you for the cultural enrichment.",3da19f637b3e4d3e93a868b44102e4ae
spotify:track:0rY4LJe7trV2DaNuD5pwjG,920d59fe89434c9a9255c64fa8265e5a,2026-06-08T10:50:57Z,2,"lovely back story, let your memories keep him ever present. very well known song and likely to get a lot of votes. i'm not really a blue nile evangelist although i know many are. ",3da19f637b3e4d3e93a868b44102e4ae
spotify:track:0Xv42V70k6KSOxHCaW0QWF,920d59fe89434c9a9255c64fa8265e5a,2026-06-08T10:50:57Z,1,ok. little dry for me. bum bum bum.,3da19f637b3e4d3e93a868b44102e4ae
spotify:track:1Hv1VTm8zeOeybub15mA2R,920d59fe89434c9a9255c64fa8265e5a,2026-06-08T10:50:57Z,-2,too smooth an operation.,3da19f637b3e4d3e93a868b44102e4ae
spotify:track:1YzNHqhyj7j8A0CL30lUgd,920d59fe89434c9a9255c64fa8265e5a,2026-06-08T10:50:57Z,4,fantastic build and loved this even more as it develops.,3da19f637b3e4d3e93a868b44102e4ae
spotify:track:2b3zAIU06DRxvl7PehalzZ,920d59fe89434c9a9255c64fa8265e5a,2026-06-08T10:50:57Z,-1,"not for me, sorry, dvwa.",3da19f637b3e4d3e93a868b44102e4ae
spotify:track:43TN8zLpTz75TIvWSZ6cr3,920d59fe89434c9a9255c64fa8265e5a,2026-06-08T10:50:57Z,3,did photos for them a while ago. like these very much. they don't actually sound like dry cleaning all the time.,3da19f637b3e4d3e93a868b44102e4ae
spotify:track:4vTF6h1NrPvRtrOCZQJzKw,920d59fe89434c9a9255c64fa8265e5a,2026-06-08T10:50:57Z,3,(i guess) very much of it's time but this sparse determinedly independent sound is great.,3da19f637b3e4d3e93a868b44102e4ae
spotify:track:5BAJDNTutBFJL27pKunac1,920d59fe89434c9a9255c64fa8265e5a,2026-06-08T10:50:57Z,3,nice chilled sound.,3da19f637b3e4d3e93a868b44102e4ae
spotify:track:5sJiLlgQKBL81QCTOkoLB5,920d59fe89434c9a9255c64fa8265e5a,2026-06-08T10:50:57Z,-1,"not for me, very well known and gleaming with too much eighties polish ",3da19f637b3e4d3e93a868b44102e4ae
spotify:track:5UIRG5DrJ3bjOo0RpjEZyI,920d59fe89434c9a9255c64fa8265e5a,2026-06-08T10:50:57Z,2,i think i have to give this points for avoiding the obvious. and i like it very much but don't love it.,3da19f637b3e4d3e93a868b44102e4ae
spotify:track:6CGk7ABnnWh2dHlT59R255,920d59fe89434c9a9255c64fa8265e5a,2026-06-08T10:50:57Z,1,"had these recently-ish. this is by far their best song, familiarity tax applies i'm afraid.",3da19f637b3e4d3e93a868b44102e4ae
spotify:track:71b4qdVOOUJoWG5ey7DOsp,920d59fe89434c9a9255c64fa8265e5a,2026-06-08T10:50:57Z,3,great stuff.,3da19f637b3e4d3e93a868b44102e4ae
spotify:track:75GQIYnRaBg7ndHxhfYuQy,920d59fe89434c9a9255c64fa8265e5a,2026-06-08T10:50:57Z,-1,no thanks. sorry.,3da19f637b3e4d3e93a868b44102e4ae
spotify:track:7F6UQyVvrmYAVyxxUF2MhT,920d59fe89434c9a9255c64fa8265e5a,2026-06-08T10:50:57Z,1,gets better as it goes on although does fall (a little - it's better than that) into the female fronted league standard submission trap.,3da19f637b3e4d3e93a868b44102e4ae
spotify:track:7wbdd3b6ZrJllGZuRJtNGV,920d59fe89434c9a9255c64fa8265e5a,2026-06-08T10:50:57Z,1,better than i was expecting tbf and made me smile. is bubble sex a danish thing? please elucidate.,3da19f637b3e4d3e93a868b44102e4ae
spotify:track:0970yaWdsPnVWn8Ej9qfy2,62a98fc6d1b84e52b5f885d92cb59725,2026-06-08T11:45:18Z,2,"Would have preferred something a bit more cultured, but this is alright. ",3da19f637b3e4d3e93a868b44102e4ae
spotify:track:0dv1w0npDQliBX9HSVT3hg,62a98fc6d1b84e52b5f885d92cb59725,2026-06-08T11:45:18Z,3,"Some great lyrics, “the legumes they reek of meat”. Very good. ",3da19f637b3e4d3e93a868b44102e4ae
spotify:track:0k9JIBszlCqCa4SpXI353F,62a98fc6d1b84e52b5f885d92cb59725,2026-06-08T11:45:18Z,2,"Slow start, does its thing, finishes. I like it. ",3da19f637b3e4d3e93a868b44102e4ae
spotify:track:0R0jrqAOaFtDSDSaUEvpN2,62a98fc6d1b84e52b5f885d92cb59725,2026-06-08T11:45:18Z,1,I enjoyed this. Reading her Wikipedia it seems she’s an absolute megastar in the Middle East. ,3da19f637b3e4d3e93a868b44102e4ae
spotify:track:0rY4LJe7trV2DaNuD5pwjG,62a98fc6d1b84e52b5f885d92cb59725,2026-06-08T11:45:18Z,0,"Lovely writeup, sorry about your friend. I still don’t get the Blue Nile though. I don’t think you’ll need my votes to do well. ",3da19f637b3e4d3e93a868b44102e4ae
spotify:track:0Xv42V70k6KSOxHCaW0QWF,62a98fc6d1b84e52b5f885d92cb59725,2026-06-08T11:45:18Z,4,"Third appearance for Don. I’m not going to penalise for this, because I think it’s the only times I’ve heard him and I really like all three. ",3da19f637b3e4d3e93a868b44102e4ae
spotify:track:1Hv1VTm8zeOeybub15mA2R,62a98fc6d1b84e52b5f885d92cb59725,2026-06-08T11:45:18Z,0,"This is a good song, but I’m knocking points off because I’ve heard it a million times and you didn’t specify the town (I’m guessing London as I’m not aware of anybody in the group living in Nigeria). ",3da19f637b3e4d3e93a868b44102e4ae
spotify:track:1YzNHqhyj7j8A0CL30lUgd,62a98fc6d1b84e52b5f885d92cb59725,2026-06-08T11:45:18Z,-1,"Great story, but I’m not particularly enjoying the song. ",3da19f637b3e4d3e93a868b44102e4ae
spotify:track:2b3zAIU06DRxvl7PehalzZ,62a98fc6d1b84e52b5f885d92cb59725,2026-06-08T11:45:18Z,2,"This is nice, although I think you should have gone with Mother Root. ",3da19f637b3e4d3e93a868b44102e4ae
spotify:track:43TN8zLpTz75TIvWSZ6cr3,62a98fc6d1b84e52b5f885d92cb59725,2026-06-08T11:45:18Z,4,They are definitely a standout among the current crop of young Liverpool bands. ,3da19f637b3e4d3e93a868b44102e4ae
spotify:track:4vTF6h1NrPvRtrOCZQJzKw,62a98fc6d1b84e52b5f885d92cb59725,2026-06-08T11:45:18Z,-1,"Alister, you had the whole history of bands from Melbourne to choose from, and this is what we get?  ",3da19f637b3e4d3e93a868b44102e4ae
spotify:track:5BAJDNTutBFJL27pKunac1,62a98fc6d1b84e52b5f885d92cb59725,2026-06-08T11:45:18Z,3,You can always get extra points for a Twin Peaks connection. ,3da19f637b3e4d3e93a868b44102e4ae
spotify:track:5sJiLlgQKBL81QCTOkoLB5,62a98fc6d1b84e52b5f885d92cb59725,2026-06-08T11:45:18Z,1,"Very familiar, although I had no idea it was by Inner City. ",3da19f637b3e4d3e93a868b44102e4ae
spotify:track:6CGk7ABnnWh2dHlT59R255,62a98fc6d1b84e52b5f885d92cb59725,2026-06-08T11:45:18Z,-1,I’ve driven through Bradford on Avon many times on the way to the End of the Road festival. Never knew it was the home of Jesus Jones. Unfortunately I never liked Jesus Jones. ,3da19f637b3e4d3e93a868b44102e4ae
spotify:track:71b4qdVOOUJoWG5ey7DOsp,62a98fc6d1b84e52b5f885d92cb59725,2026-06-08T11:45:18Z,-2,This was not an enjoyable listen. ,3da19f637b3e4d3e93a868b44102e4ae
spotify:track:75GQIYnRaBg7ndHxhfYuQy,62a98fc6d1b84e52b5f885d92cb59725,2026-06-08T11:45:18Z,3,Excellent. ,3da19f637b3e4d3e93a868b44102e4ae
spotify:track:7F6UQyVvrmYAVyxxUF2MhT,62a98fc6d1b84e52b5f885d92cb59725,2026-06-08T11:45:18Z,2,"A friend suggested going to see Ratboys last week in Manchester. I’d never heard of them, had a listen and liked them. We didn’t go in the end. This is good, probably should have gone. ",3da19f637b3e4d3e93a868b44102e4ae
spotify:track:7vJSMyOOtIYC1KpeyRNxgt,62a98fc6d1b84e52b5f885d92cb59725,2026-06-08T11:45:18Z,3,"I can think of other Sheffield artists you could have considered, but this is very good. ",3da19f637b3e4d3e93a868b44102e4ae
spotify:track:7wbdd3b6ZrJllGZuRJtNGV,62a98fc6d1b84e52b5f885d92cb59725,2026-06-08T11:45:18Z,5,"Even without the sex noises, this is fantastic",3da19f637b3e4d3e93a868b44102e4ae
spotify:track:43TN8zLpTz75TIvWSZ6cr3,86c3935108da4e26bfb2081392ed35c5,2026-06-08T14:24:09Z,3,New artist for me. Loved the guitars.  Great pick. ,3da19f637b3e4d3e93a868b44102e4ae
spotify:track:0970yaWdsPnVWn8Ej9qfy2,86c3935108da4e26bfb2081392ed35c5,2026-06-08T14:24:09Z,1,This didn’t seem all that sad ,3da19f637b3e4d3e93a868b44102e4ae
spotify:track:0dv1w0npDQliBX9HSVT3hg,86c3935108da4e26bfb2081392ed35c5,2026-06-08T14:24:09Z,1,This was alright. ,3da19f637b3e4d3e93a868b44102e4ae
spotify:track:0R0jrqAOaFtDSDSaUEvpN2,86c3935108da4e26bfb2081392ed35c5,2026-06-08T14:24:09Z,3,Beautiful voice,3da19f637b3e4d3e93a868b44102e4ae
spotify:track:0rY4LJe7trV2DaNuD5pwjG,86c3935108da4e26bfb2081392ed35c5,2026-06-08T14:24:09Z,1,Very sorry for your loss ,3da19f637b3e4d3e93a868b44102e4ae
spotify:track:0Xv42V70k6KSOxHCaW0QWF,86c3935108da4e26bfb2081392ed35c5,2026-06-08T14:24:09Z,-1,Initially misread this artist as Don Lemmon the former CNN reporter and thought that was a wild choice. But this was less wild. ,3da19f637b3e4d3e93a868b44102e4ae
spotify:track:1Hv1VTm8zeOeybub15mA2R,86c3935108da4e26bfb2081392ed35c5,2026-06-08T14:24:09Z,5,Almost submitted her for the R&B week. I love Sade. Great pick. ,3da19f637b3e4d3e93a868b44102e4ae
spotify:track:1YzNHqhyj7j8A0CL30lUgd,86c3935108da4e26bfb2081392ed35c5,2026-06-08T14:24:09Z,3,"I loved this. Never really got into Sonic Youth, but this was a lot of fun ",3da19f637b3e4d3e93a868b44102e4ae
spotify:track:2b3zAIU06DRxvl7PehalzZ,86c3935108da4e26bfb2081392ed35c5,2026-06-08T14:24:09Z,1,"Liked voices. There’s something about a song with a harmonica, it’s like the song could be improved if one were to just remove the harmonica. ",3da19f637b3e4d3e93a868b44102e4ae
spotify:track:4vTF6h1NrPvRtrOCZQJzKw,86c3935108da4e26bfb2081392ed35c5,2026-06-08T14:24:09Z,2,That guitar was either awesome or awful depending on my state on mind during relistenings. Definitely of its time.  ,3da19f637b3e4d3e93a868b44102e4ae
spotify:track:5BAJDNTutBFJL27pKunac1,86c3935108da4e26bfb2081392ed35c5,2026-06-08T14:24:09Z,2,This one grew on me a bit ,3da19f637b3e4d3e93a868b44102e4ae
spotify:track:5sJiLlgQKBL81QCTOkoLB5,86c3935108da4e26bfb2081392ed35c5,2026-06-08T14:24:09Z,1,This is a blast from the past! Probably have not heard this since the early 90s. ,3da19f637b3e4d3e93a868b44102e4ae
spotify:track:5UIRG5DrJ3bjOo0RpjEZyI,86c3935108da4e26bfb2081392ed35c5,2026-06-08T14:24:09Z,-1,This was a very brave pick and in a less competitive round might have done better. ,3da19f637b3e4d3e93a868b44102e4ae
spotify:track:6CGk7ABnnWh2dHlT59R255,86c3935108da4e26bfb2081392ed35c5,2026-06-08T14:24:09Z,1,I like JJ,3da19f637b3e4d3e93a868b44102e4ae
spotify:track:71b4qdVOOUJoWG5ey7DOsp,86c3935108da4e26bfb2081392ed35c5,2026-06-08T14:24:09Z,5,This is the singer from Portugal The Man?!?!? Wow. Strong pick ,3da19f637b3e4d3e93a868b44102e4ae
spotify:track:75GQIYnRaBg7ndHxhfYuQy,86c3935108da4e26bfb2081392ed35c5,2026-06-08T14:24:09Z,-1,Did not love this one. ,3da19f637b3e4d3e93a868b44102e4ae
spotify:track:7F6UQyVvrmYAVyxxUF2MhT,86c3935108da4e26bfb2081392ed35c5,2026-06-08T14:24:09Z,5,This was great! ,3da19f637b3e4d3e93a868b44102e4ae
spotify:track:7vJSMyOOtIYC1KpeyRNxgt,86c3935108da4e26bfb2081392ed35c5,2026-06-08T14:24:09Z,1,Time capsule for sure. ,3da19f637b3e4d3e93a868b44102e4ae
spotify:track:7wbdd3b6ZrJllGZuRJtNGV,86c3935108da4e26bfb2081392ed35c5,2026-06-08T14:24:09Z,-2,Extra DV for awkward family interaction. ,3da19f637b3e4d3e93a868b44102e4ae
spotify:track:0970yaWdsPnVWn8Ej9qfy2,d0cb0402be7f47c9914e8de02f509f7a,2026-06-08T18:37:18Z,4,Pandering to the right people. Simply lovely.,3da19f637b3e4d3e93a868b44102e4ae
spotify:track:7wbdd3b6ZrJllGZuRJtNGV,d0cb0402be7f47c9914e8de02f509f7a,2026-06-08T18:37:18Z,-2,"I don't know how anyone could moan like that with the insistent piccolo-esque synth melody. If I had heard this as a young child it would've made me hide under my parents' bed with my hands over my ears. It's the same reaction I had to the horrid, early electronic ""Popcorn Song"".",3da19f637b3e4d3e93a868b44102e4ae
spotify:track:7vJSMyOOtIYC1KpeyRNxgt,d0cb0402be7f47c9914e8de02f509f7a,2026-06-08T18:37:18Z,2,"Agree, this is excellent. ",3da19f637b3e4d3e93a868b44102e4ae
spotify:track:7F6UQyVvrmYAVyxxUF2MhT,d0cb0402be7f47c9914e8de02f509f7a,2026-06-08T18:37:18Z,4,Excellent.  Like Victoria Willams crossed with Hammerbox. Love this.,3da19f637b3e4d3e93a868b44102e4ae
spotify:track:75GQIYnRaBg7ndHxhfYuQy,d0cb0402be7f47c9914e8de02f509f7a,2026-06-08T18:37:18Z,-2,"The hook and structure deserve something,  but those lyrics, ick. I remember as a kid singing along to this. Realizing as an adult now what the subject matter, oy. Afternoon Delight gives me that same retro ick.",3da19f637b3e4d3e93a868b44102e4ae
spotify:track:71b4qdVOOUJoWG5ey7DOsp,d0cb0402be7f47c9914e8de02f509f7a,2026-06-08T18:37:18Z,2,"Have not heard Help before, thank you for the introduction!",3da19f637b3e4d3e93a868b44102e4ae
spotify:track:6CGk7ABnnWh2dHlT59R255,d0cb0402be7f47c9914e8de02f509f7a,2026-06-08T18:37:18Z,-1,Not really worth a downvote but its a tough rough. Apologies. ,3da19f637b3e4d3e93a868b44102e4ae
spotify:track:5UIRG5DrJ3bjOo0RpjEZyI,d0cb0402be7f47c9914e8de02f509f7a,2026-06-08T18:37:18Z,1,Very appealing. These are guitars they're banging on??,3da19f637b3e4d3e93a868b44102e4ae
spotify:track:5sJiLlgQKBL81QCTOkoLB5,d0cb0402be7f47c9914e8de02f509f7a,2026-06-08T18:37:18Z,1,I actually remember dancing to this in a dance club in the 80s. ,3da19f637b3e4d3e93a868b44102e4ae
spotify:track:4vTF6h1NrPvRtrOCZQJzKw,d0cb0402be7f47c9914e8de02f509f7a,2026-06-08T18:37:18Z,2,Really enjoying the amount of rocking female lead singers on this list. ,3da19f637b3e4d3e93a868b44102e4ae
spotify:track:43TN8zLpTz75TIvWSZ6cr3,d0cb0402be7f47c9914e8de02f509f7a,2026-06-08T18:37:18Z,2,Appealing. ,3da19f637b3e4d3e93a868b44102e4ae
spotify:track:2b3zAIU06DRxvl7PehalzZ,d0cb0402be7f47c9914e8de02f509f7a,2026-06-08T18:37:18Z,2,"Very nice, very Northwest coffee house.",3da19f637b3e4d3e93a868b44102e4ae
spotify:track:1YzNHqhyj7j8A0CL30lUgd,d0cb0402be7f47c9914e8de02f509f7a,2026-06-08T18:37:18Z,2,Wish it were longer.,3da19f637b3e4d3e93a868b44102e4ae
spotify:track:1Hv1VTm8zeOeybub15mA2R,d0cb0402be7f47c9914e8de02f509f7a,2026-06-08T18:37:18Z,1,No write up? Assuming a newby. You get a point for joining us.,3da19f637b3e4d3e93a868b44102e4ae
spotify:track:0Xv42V70k6KSOxHCaW0QWF,d0cb0402be7f47c9914e8de02f509f7a,2026-06-08T18:37:18Z,4,Sounds like a Rickenbacker to me. Sign me up.,3da19f637b3e4d3e93a868b44102e4ae
spotify:track:0rY4LJe7trV2DaNuD5pwjG,d0cb0402be7f47c9914e8de02f509f7a,2026-06-08T18:37:18Z,3,"Again, I' m a sucker for the strings, but are these synth strings? Lovely song.",3da19f637b3e4d3e93a868b44102e4ae
spotify:track:0R0jrqAOaFtDSDSaUEvpN2,d0cb0402be7f47c9914e8de02f509f7a,2026-06-08T18:37:18Z,2,"Gorgeous. The antithesis of the previous song. Wow, the musicianship is fantastic. Love the addition of strings. ",3da19f637b3e4d3e93a868b44102e4ae
spotify:track:0k9JIBszlCqCa4SpXI353F,d0cb0402be7f47c9914e8de02f509f7a,2026-06-08T18:37:18Z,2,Not the usual sound I go for but appreciate the time signature changes. Found myself nodding my head.,3da19f637b3e4d3e93a868b44102e4ae
spotify:track:0dv1w0npDQliBX9HSVT3hg,d0cb0402be7f47c9914e8de02f509f7a,2026-06-08T18:37:18Z,1,Entertaining enough.,3da19f637b3e4d3e93a868b44102e4ae
spotify:track:7wbdd3b6ZrJllGZuRJtNGV,a28a4930e9644a559d47cb1459c2c0a3,2026-06-08T18:45:59Z,4,"Feels like a porno starring James Bond. I think I might make this my walk up music, which would be the height of false advertising.",3da19f637b3e4d3e93a868b44102e4ae
spotify:track:0970yaWdsPnVWn8Ej9qfy2,a28a4930e9644a559d47cb1459c2c0a3,2026-06-08T18:45:59Z,2,"Although I had a bit of trouble finding the right mood for this one this week, it's a lovely tune.",3da19f637b3e4d3e93a868b44102e4ae
spotify:track:0dv1w0npDQliBX9HSVT3hg,a28a4930e9644a559d47cb1459c2c0a3,2026-06-08T18:45:59Z,3,"The echoey parts were a bit jarring on the first couple listens, but this is cool. It sounds new and old at once.",3da19f637b3e4d3e93a868b44102e4ae
spotify:track:0k9JIBszlCqCa4SpXI353F,a28a4930e9644a559d47cb1459c2c0a3,2026-06-08T18:45:59Z,-1,"I think I would have liked this once upon a time, but these days I need a little more chill. Sorry Mike... I do have fondness for the Baltimore area though!",3da19f637b3e4d3e93a868b44102e4ae
spotify:track:0R0jrqAOaFtDSDSaUEvpN2,a28a4930e9644a559d47cb1459c2c0a3,2026-06-08T18:45:59Z,0,"I'm a little hesitant to call myself out, but It is a bit of stretch to my ears. I could attach that to the instrumentation and rhythms being very different from western music,  but I think it's as much that this music also feels communal and traditional in a very different way than my experience in the U.S. where individualism is unfortunately at the heart of everything. I'd like to connect with this more.",3da19f637b3e4d3e93a868b44102e4ae
spotify:track:0rY4LJe7trV2DaNuD5pwjG,a28a4930e9644a559d47cb1459c2c0a3,2026-06-08T18:45:59Z,3,A lovely song and a lovely remembrance,3da19f637b3e4d3e93a868b44102e4ae
spotify:track:0Xv42V70k6KSOxHCaW0QWF,a28a4930e9644a559d47cb1459c2c0a3,2026-06-08T18:45:59Z,4,This sounds too simple to be as enjoyable as it is. Totally fun on first and subsequent listens.,3da19f637b3e4d3e93a868b44102e4ae
spotify:track:1Hv1VTm8zeOeybub15mA2R,a28a4930e9644a559d47cb1459c2c0a3,2026-06-08T18:45:59Z,2,"Classic, but I am at an age when this was an inescapable fixture on the radio. It still conjures core memories. I'm a hypocrite because my entry will not be new to anyone either, but this would get more points if it wasn't so familiar.",3da19f637b3e4d3e93a868b44102e4ae
spotify:track:1YzNHqhyj7j8A0CL30lUgd,a28a4930e9644a559d47cb1459c2c0a3,2026-06-08T18:45:59Z,-1,"Although I found some elements to enjoy here, this is ultimately too cool, and too noisy for my lame ass.",3da19f637b3e4d3e93a868b44102e4ae
spotify:track:2b3zAIU06DRxvl7PehalzZ,a28a4930e9644a559d47cb1459c2c0a3,2026-06-08T18:45:59Z,2,"A whole album of this might be a tall order for me, but I enjoyed the song.",3da19f637b3e4d3e93a868b44102e4ae
spotify:track:43TN8zLpTz75TIvWSZ6cr3,a28a4930e9644a559d47cb1459c2c0a3,2026-06-08T18:45:59Z,3,Aptly described. This one steps just enough outside of usual radius to feel fresh.,3da19f637b3e4d3e93a868b44102e4ae
spotify:track:4vTF6h1NrPvRtrOCZQJzKw,a28a4930e9644a559d47cb1459c2c0a3,2026-06-08T18:45:59Z,3,"I felt exactly the same about the wide open round, but you did well here. I am a little disappointed to miss out on Thrush and the Cunts though.",3da19f637b3e4d3e93a868b44102e4ae
spotify:track:5BAJDNTutBFJL27pKunac1,a28a4930e9644a559d47cb1459c2c0a3,2026-06-08T18:45:59Z,3,"This is cool, and I agree 100% that this feels like prime soundtrack.",3da19f637b3e4d3e93a868b44102e4ae
spotify:track:5sJiLlgQKBL81QCTOkoLB5,a28a4930e9644a559d47cb1459c2c0a3,2026-06-08T18:45:59Z,-1,"This round makes it feel personal to downvote, but it certainly isn't. I'm afraid there's just nothing here for me.",3da19f637b3e4d3e93a868b44102e4ae
spotify:track:5UIRG5DrJ3bjOo0RpjEZyI,a28a4930e9644a559d47cb1459c2c0a3,2026-06-08T18:45:59Z,0,"Lol, how did you know? Not entirely terrible, but I think one minute of this would have been more than enough. ",3da19f637b3e4d3e93a868b44102e4ae
spotify:track:6CGk7ABnnWh2dHlT59R255,a28a4930e9644a559d47cb1459c2c0a3,2026-06-08T18:45:59Z,-1,"No, this won't do.",3da19f637b3e4d3e93a868b44102e4ae
spotify:track:71b4qdVOOUJoWG5ey7DOsp,a28a4930e9644a559d47cb1459c2c0a3,2026-06-08T18:45:59Z,-1,"Yikes! I don't disagree but yes, probably a good thing he is getting this out on stage.",3da19f637b3e4d3e93a868b44102e4ae
spotify:track:7F6UQyVvrmYAVyxxUF2MhT,a28a4930e9644a559d47cb1459c2c0a3,2026-06-08T18:45:59Z,3,"This is a group the wife and I checked out recently (listening, not a show). Probably won't become a regular rotation for me, but I like it.",3da19f637b3e4d3e93a868b44102e4ae
spotify:track:7vJSMyOOtIYC1KpeyRNxgt,a28a4930e9644a559d47cb1459c2c0a3,2026-06-08T18:45:59Z,3,"I'm not gonna play it before bedtime or anything, but this is how you do a pulsing beat without driving the listener crazy after awhile. Thanks for this one!",3da19f637b3e4d3e93a868b44102e4ae
spotify:track:7vJSMyOOtIYC1KpeyRNxgt,2acd20c2132e44d7bd36b48ea1c0f195,2026-06-08T18:56:32Z,-1,,3da19f637b3e4d3e93a868b44102e4ae
spotify:track:7F6UQyVvrmYAVyxxUF2MhT,2acd20c2132e44d7bd36b48ea1c0f195,2026-06-08T18:56:32Z,4,,3da19f637b3e4d3e93a868b44102e4ae
spotify:track:75GQIYnRaBg7ndHxhfYuQy,2acd20c2132e44d7bd36b48ea1c0f195,2026-06-08T18:56:32Z,1,,3da19f637b3e4d3e93a868b44102e4ae
spotify:track:71b4qdVOOUJoWG5ey7DOsp,2acd20c2132e44d7bd36b48ea1c0f195,2026-06-08T18:56:32Z,3,,3da19f637b3e4d3e93a868b44102e4ae
spotify:track:6CGk7ABnnWh2dHlT59R255,2acd20c2132e44d7bd36b48ea1c0f195,2026-06-08T18:56:32Z,3,,3da19f637b3e4d3e93a868b44102e4ae
spotify:track:5sJiLlgQKBL81QCTOkoLB5,2acd20c2132e44d7bd36b48ea1c0f195,2026-06-08T18:56:32Z,4,,3da19f637b3e4d3e93a868b44102e4ae
spotify:track:5BAJDNTutBFJL27pKunac1,2acd20c2132e44d7bd36b48ea1c0f195,2026-06-08T18:56:32Z,2,,3da19f637b3e4d3e93a868b44102e4ae
spotify:track:4vTF6h1NrPvRtrOCZQJzKw,2acd20c2132e44d7bd36b48ea1c0f195,2026-06-08T18:56:32Z,-1,,3da19f637b3e4d3e93a868b44102e4ae
spotify:track:43TN8zLpTz75TIvWSZ6cr3,2acd20c2132e44d7bd36b48ea1c0f195,2026-06-08T18:56:32Z,2,,3da19f637b3e4d3e93a868b44102e4ae
spotify:track:2b3zAIU06DRxvl7PehalzZ,2acd20c2132e44d7bd36b48ea1c0f195,2026-06-08T18:56:32Z,2,,3da19f637b3e4d3e93a868b44102e4ae
spotify:track:1YzNHqhyj7j8A0CL30lUgd,2acd20c2132e44d7bd36b48ea1c0f195,2026-06-08T18:56:32Z,1,,3da19f637b3e4d3e93a868b44102e4ae
spotify:track:0Xv42V70k6KSOxHCaW0QWF,2acd20c2132e44d7bd36b48ea1c0f195,2026-06-08T18:56:32Z,-2,,3da19f637b3e4d3e93a868b44102e4ae
spotify:track:0R0jrqAOaFtDSDSaUEvpN2,2acd20c2132e44d7bd36b48ea1c0f195,2026-06-08T18:56:32Z,3,,3da19f637b3e4d3e93a868b44102e4ae
spotify:track:0k9JIBszlCqCa4SpXI353F,2acd20c2132e44d7bd36b48ea1c0f195,2026-06-08T18:56:32Z,4,,3da19f637b3e4d3e93a868b44102e4ae
spotify:track:0dv1w0npDQliBX9HSVT3hg,2acd20c2132e44d7bd36b48ea1c0f195,2026-06-08T18:56:32Z,3,,3da19f637b3e4d3e93a868b44102e4ae
spotify:track:0970yaWdsPnVWn8Ej9qfy2,2acd20c2132e44d7bd36b48ea1c0f195,2026-06-08T18:56:32Z,-1,,3da19f637b3e4d3e93a868b44102e4ae
spotify:track:7wbdd3b6ZrJllGZuRJtNGV,2acd20c2132e44d7bd36b48ea1c0f195,2026-06-08T18:56:32Z,3,,3da19f637b3e4d3e93a868b44102e4ae
spotify:track:0k9JIBszlCqCa4SpXI353F,8a006758b7e4400d94f2eb943efee15c,2026-06-08T18:57:23Z,-1,"A not unpleasant racket, but I liked it less than most of the other stuff. The first underserved downvote of the league but probably not the last.",3da19f637b3e4d3e93a868b44102e4ae
spotify:track:0970yaWdsPnVWn8Ej9qfy2,8a006758b7e4400d94f2eb943efee15c,2026-06-08T18:57:23Z,1,"Culchie O'Hara comes bursting out of the tunnel with a mopey effort and a comment worthy of Eitzel himself. The song put me in mind of Bill Callahan more than ME. I note that the narrator doesn't write the saddest song, making it the indie miserables equivalent of that Tenacious D song about writing the greatest song in the world but then forgetting it.",3da19f637b3e4d3e93a868b44102e4ae
spotify:track:0dv1w0npDQliBX9HSVT3hg,8a006758b7e4400d94f2eb943efee15c,2026-06-08T18:57:23Z,1,"'That's nice,' said my daughter sarcastically as she saw the title of this on the car display. However she was failing to appreciate the Dylan-goes-Goth quality of the lyrics. I should listen to more Iceage.",3da19f637b3e4d3e93a868b44102e4ae
spotify:track:0R0jrqAOaFtDSDSaUEvpN2,8a006758b7e4400d94f2eb943efee15c,2026-06-08T18:57:23Z,3,I liked this immediately and then each listen revealed another layer. A warm and welcome respite from indie shenanigans. ,3da19f637b3e4d3e93a868b44102e4ae
spotify:track:0rY4LJe7trV2DaNuD5pwjG,8a006758b7e4400d94f2eb943efee15c,2026-06-08T18:57:23Z,3,"Sorry to hear about Gordon. I'd think this is a pretty wonderful send off for anyone. I've bought at least two Craig Armstrong albums for the Paul Buchanan content, but many other joys to be had within.",3da19f637b3e4d3e93a868b44102e4ae
spotify:track:0Xv42V70k6KSOxHCaW0QWF,8a006758b7e4400d94f2eb943efee15c,2026-06-08T18:57:23Z,4,"Top the heap this week, even if we have had him twice before (or three times, if you ask the search tool, which has him mixed up with some guy called John). It's snarky and yet kind of sympathetic as well - I mean, the debut album guy is annoying but I sort of admire his enthusiasm and would indeed buy his debut album. ",3da19f637b3e4d3e93a868b44102e4ae
spotify:track:1Hv1VTm8zeOeybub15mA2R,8a006758b7e4400d94f2eb943efee15c,2026-06-08T18:57:23Z,-2,"Enjoyable enough to hear again, and I can possibly appreciate this a bit more than I did at the time when it was far too wine bar sophisticate for me, but it's also immensely familiar.",3da19f637b3e4d3e93a868b44102e4ae
spotify:track:1YzNHqhyj7j8A0CL30lUgd,8a006758b7e4400d94f2eb943efee15c,2026-06-08T18:57:23Z,3,Love the Steve Shelley's dad story. I think the only dad of a rock star I've ever worked with is the father of James Cox from the very good Crows. Who actually don't sound that different to this very enjoyable ear-pounding.,3da19f637b3e4d3e93a868b44102e4ae
spotify:track:2b3zAIU06DRxvl7PehalzZ,8a006758b7e4400d94f2eb943efee15c,2026-06-08T18:57:23Z,2,I'm glad you went with the obscure (18 listeners) alternative to Modest Mouse. This one worked its way into my skull on repeat listens. I liked the chemistry between the two vocalists. Did not like their name sounding so much like Sun Kil Moon.,3da19f637b3e4d3e93a868b44102e4ae
spotify:track:4vTF6h1NrPvRtrOCZQJzKw,8a006758b7e4400d94f2eb943efee15c,2026-06-08T18:57:23Z,1,"Thrush and the Cunts would have got all the points, obviously. This sounds like the worst summer ever. It's very good.",3da19f637b3e4d3e93a868b44102e4ae
spotify:track:5BAJDNTutBFJL27pKunac1,8a006758b7e4400d94f2eb943efee15c,2026-06-08T18:57:23Z,2,"Fond memories of the original version appearing at the end of the first episode of The Return. I went on a bit of a Chromatics bender after that, but I don't remember hearing this version and I loved the little nods to the show in it (backwards sound effects and all).",3da19f637b3e4d3e93a868b44102e4ae
spotify:track:5sJiLlgQKBL81QCTOkoLB5,8a006758b7e4400d94f2eb943efee15c,2026-06-08T18:57:23Z,0,"My god, I've somehow got through life thinking Inner City were Londoners. I didn't;think even know this had been a hit internationally. Evokes big sixth-form nostalgia, but the points are going to have to go to stuff I don't know as well.",3da19f637b3e4d3e93a868b44102e4ae
spotify:track:5UIRG5DrJ3bjOo0RpjEZyI,8a006758b7e4400d94f2eb943efee15c,2026-06-08T18:57:23Z,4,"They actually were one of the first bands that came to mind when I was choosing. They're not just about hitting guitars with mallets, they also put aeolian hairs on the top of Bidston Observatory. One of them apparently has a day job as a receptionist at the University of Liverpool, which makes me wonder if he's ever given security access (or more likely refused it) to the submitter of this song.",3da19f637b3e4d3e93a868b44102e4ae
spotify:track:6CGk7ABnnWh2dHlT59R255,8a006758b7e4400d94f2eb943efee15c,2026-06-08T18:57:23Z,-1,"I wonder how this sounds now if you're 15. Possibly like those records from the 50s about rocket travel. Anyway I was well into this at the time, though they sound a bit cringe now.",3da19f637b3e4d3e93a868b44102e4ae
spotify:track:71b4qdVOOUJoWG5ey7DOsp,8a006758b7e4400d94f2eb943efee15c,2026-06-08T18:57:23Z,-1,"...unless of course you are Michael O'Hara doing a double bluff????

I wouldn't have guessed this was a 2024 record.  Admirably obscure, but ultimately not that interesting. ",3da19f637b3e4d3e93a868b44102e4ae
spotify:track:75GQIYnRaBg7ndHxhfYuQy,8a006758b7e4400d94f2eb943efee15c,2026-06-08T18:57:23Z,2,"Should we be worried that this song about the virginal singer discovering the joy of sex opens with him sweatily grunting 'MAMA'? Different times, etc",3da19f637b3e4d3e93a868b44102e4ae
spotify:track:7F6UQyVvrmYAVyxxUF2MhT,8a006758b7e4400d94f2eb943efee15c,2026-06-08T18:57:23Z,3,"Good stuff. Sounds like it's constantly about to fall apart any second for the first half, then sort of does, then isn't quite as interesting when it puts itself back together.",3da19f637b3e4d3e93a868b44102e4ae
spotify:track:7vJSMyOOtIYC1KpeyRNxgt,8a006758b7e4400d94f2eb943efee15c,2026-06-08T18:57:23Z,2,"Is this really 1977? Sounds at least a couple of years ahead of the game if so. I've encountered these before in a different league, promised myself to investigate further, and then forgotten. I'll try to remember this time.",3da19f637b3e4d3e93a868b44102e4ae
spotify:track:7wbdd3b6ZrJllGZuRJtNGV,8a006758b7e4400d94f2eb943efee15c,2026-06-08T18:57:23Z,4,I want more bubble sex.,3da19f637b3e4d3e93a868b44102e4ae
